_c0,title,year,length,budget,rating,votes,r1,r2,r3,r4,r5,r6,r7,r8,r9,r10,mpaa,Action,Animation,Comedy,Drama,Documentary,Romance,Short
1,$,1971,121,null,6.4,348,4.5,4.5,4.5,4.5,14.5,24.5,24.5,14.5,4.5,4.5,,0,0,1,1,0,0,0
2,$1000 a Touchdown,1939,71,null,6,20,0,14.5,4.5,24.5,14.5,14.5,14.5,4.5,4.5,14.5,,0,0,1,0,0,0,0
3,$21 a Day Once a Month,1941,7,null,8.2,5,0,0,0,0,0,24.5,0,44.5,24.5,24.5,,0,1,0,0,0,0,1
4,"$40,000",1996,70,null,8.2,6,14.5,0,0,0,0,0,0,0,34.5,45.5,,0,0,1,0,0,0,0
5,"$50,000 Climax Show, The",1975,71,null,3.4,17,24.5,4.5,0,14.5,14.5,4.5,0,0,0,24.5,,0,0,0,0,0,0,0
6,$pent,2000,91,null,4.3,45,4.5,4.5,4.5,14.5,14.5,14.5,4.5,4.5,14.5,14.5,,0,0,0,1,0,0,0
7,$windle,2002,93,null,5.3,200,4.5,0,4.5,4.5,24.5,24.5,14.5,4.5,4.5,14.5,R,1,0,0,1,0,0,0
8,'15',2002,25,null,6.7,24,4.5,4.5,4.5,4.5,4.5,14.5,14.5,14.5,4.5,14.5,,0,0,0,0,1,0,1
9,'38,1987,97,null,6.6,18,4.5,4.5,4.5,0,0,0,34.5,14.5,4.5,24.5,,0,0,0,1,0,0,0
10,'49-'17,1917,61,null,6,51,4.5,0,4.5,4.5,4.5,44.5,14.5,4.5,4.5,4.5,,0,0,0,0,0,0,0
11,'68,1988,99,null,5.4,23,4.5,0,4.5,14.5,24.5,4.5,24.5,4.5,14.5,4.5,,0,0,0,1,0,0,0
12,'94 du bi dao zhi qing,1994,96,null,5.9,53,4.5,0,4.5,4.5,4.5,14.5,24.5,14.5,4.5,24.5,,0,0,0,0,0,0,0
13,"'?' Motorist, The",1906,10,null,7,44,4.5,0,0,0,4.5,14.5,34.5,14.5,4.5,14.5,,0,0,1,0,0,0,1
14,'A',1965,10,null,6.7,11,14.5,0,0,0,0,14.5,4.5,4.5,14.5,24.5,,0,0,0,0,0,0,1
15,'A' gai waak,1983,106,null,7.1,1259,4.5,4.5,4.5,4.5,4.5,14.5,14.5,14.5,14.5,24.5,PG-13,1,0,1,0,0,0,0
16,'A' gai waak juk jaap,1987,101,null,7.2,614,4.5,4.5,4.5,4.5,4.5,14.5,24.5,24.5,14.5,14.5,PG-13,1,0,1,0,0,0,0
17,'Breaker' Morant,1980,107,null,7.9,2718,4.5,4.5,4.5,4.5,4.5,4.5,14.5,24.5,24.5,24.5,,0,0,0,1,0,0,0
18,'Bullitt': Steve McQueen's Commitment to Reality,1968,10,null,6.6,37,0,0,4.5,4.5,4.5,14.5,44.5,14.5,4.5,4.5,,0,0,0,0,1,0,1
19,'Crocodile' Dundee II,1988,110,null,5,7252,4.5,4.5,4.5,14.5,24.5,24.5,14.5,4.5,4.5,4.5,,1,0,1,0,0,0,0
20,'E',1981,7,null,8.6,15,0,0,0,0,4.5,4.5,0,14.5,24.5,45.5,,0,1,1,0,0,0,1
21,'El Chicko' - der Verdacht,1995,90,null,3.9,10,24.5,14.5,24.5,14.5,0,14.5,14.5,0,0,24.5,,0,0,1,0,0,0,0
22,'G' Men,1935,85,450000,7.2,281,0,4.5,4.5,4.5,4.5,14.5,34.5,34.5,4.5,4.5,,0,0,0,1,0,0,0
23,'Gator Bait,1974,88,null,3.5,100,14.5,14.5,24.5,14.5,14.5,4.5,4.5,4.5,4.5,4.5,,1,0,0,1,0,0,0
24,'Gator Bait II: Cajun Justice,1988,95,null,3.1,54,24.5,14.5,4.5,14.5,4.5,14.5,0,4.5,0,4.5,,0,0,0,0,0,0,0
25,"'High Sign', The",1921,18,null,7.8,145,0,0,4.5,0,4.5,14.5,24.5,24.5,24.5,14.5,,0,0,1,0,0,0,1
26,'Hukkunud Alpinisti' hotell,1979,80,null,7.7,45,4.5,0,4.5,4.5,4.5,4.5,24.5,14.5,14.5,34.5,,0,0,0,0,0,0,0
27,"'Hyp-Nut-Tist', The",1935,6,null,6.2,18,4.5,0,0,24.5,0,24.5,14.5,14.5,14.5,0,,0,1,1,0,0,0,1
28,'I Do...',1989,86,null,6.2,10,0,0,0,24.5,24.5,14.5,24.5,14.5,14.5,14.5,,0,0,0,0,0,0,0
29,'I Know Where I'm Going!',1945,92,null,7.7,825,4.5,4.5,4.5,4.5,4.5,4.5,14.5,14.5,14.5,34.5,,0,0,0,1,0,1,0
30,'Java Madness' formerly titled 'Coffee Madness',1995,7,null,6.8,10,0,14.5,0,0,14.5,14.5,34.5,0,14.5,34.5,,0,0,1,0,0,0,1
31,"'Je vous salue, Marie'",1985,105,null,6.4,322,4.5,4.5,4.5,4.5,4.5,14.5,14.5,14.5,14.5,14.5,,0,0,0,1,0,0,0
32,'Kaash',1987,140,null,5.9,13,4.5,4.5,0,0,24.5,24.5,0,24.5,0,14.5,,0,0,0,1,0,0,0
33,'M' Word,1996,99,null,4.6,6,14.5,0,14.5,14.5,14.5,0,14.5,0,0,14.5,,0,0,1,0,0,1,0
34,"'Mad' Boy, I'll Blow Your Blues Away. Be Mine",1997,19,null,7.3,21,4.5,0,0,4.5,4.5,4.5,4.5,14.5,4.5,44.5,,0,0,0,0,0,0,1
35,'Manos' the Hands of Fate,1966,74,19000,1.6,7996,74.5,4.5,4.5,4.5,4.5,4.5,4.5,4.5,4.5,14.5,,0,0,0,0,0,0,0
36,'Merci la vie',1991,117,null,7.2,251,4.5,4.5,4.5,4.5,4.5,14.5,24.5,24.5,14.5,14.5,,0,0,0,1,0,0,0
37,'Neath Brooklyn Bridge,1942,61,null,6.1,114,0,0,4.5,4.5,4.5,4.5,14.5,14.5,14.5,34.5,,0,0,1,1,0,0,0
38,'Neath Canadian Skies,1946,41,null,5.4,7,14.5,0,14.5,14.5,0,24.5,0,14.5,0,14.5,,0,0,0,0,0,0,1
39,'Neath the Arizona Skies,1934,52,null,4.6,105,4.5,4.5,4.5,14.5,24.5,24.5,4.5,4.5,4.5,4.5,,0,0,0,0,0,0,0
40,"'Night, Mother",1986,96,null,6.8,364,4.5,4.5,4.5,4.5,4.5,4.5,14.5,14.5,14.5,24.5,,0,0,0,1,0,0,0
41,'O re,1989,90,null,3.9,8,0,14.5,14.5,0,0,34.5,0,14.5,14.5,14.5,,0,0,1,0,0,0,0
42,'Pimpernel' Smith,1941,120,null,7.2,139,4.5,4.5,4.5,4.5,4.5,4.5,24.5,24.5,14.5,24.5,,0,0,0,1,0,0,0
43,'R Xmas,2001,83,null,4.9,288,14.5,4.5,4.5,4.5,14.5,24.5,14.5,4.5,4.5,4.5,R,0,0,0,1,0,0,0
44,'Round Midnight,1986,133,null,7.3,902,4.5,4.5,4.5,4.5,4.5,14.5,14.5,24.5,14.5,24.5,,0,0,0,1,0,0,0
45,"'Sheba, Baby'",1975,90,null,5.5,91,4.5,4.5,4.5,14.5,14.5,14.5,14.5,4.5,4.5,4.5,,1,0,0,1,0,0,0
46,"'Sugar Chile' Robinson, Billie Holiday, Count Basie and His Sextet",1951,15,null,5.3,5,0,0,0,0,64.5,0,24.5,0,0,24.5,,0,0,0,0,0,0,1
47,"'Teddy' Bears, The",1907,15,null,5.8,23,4.5,4.5,4.5,0,4.5,14.5,24.5,24.5,4.5,4.5,,0,1,0,0,0,0,1
48,'Til There Was You,1997,113,23000000,4.8,799,4.5,4.5,4.5,14.5,14.5,14.5,14.5,4.5,4.5,14.5,PG-13,0,0,1,0,0,1,0
49,'Til We Meet Again,1940,99,null,6.3,83,4.5,4.5,0,4.5,14.5,24.5,14.5,14.5,4.5,24.5,,0,0,0,1,0,1,0
50,'What's Your 'I.Q.'?' Number Two,1940,9,null,5.9,9,0,0,14.5,14.5,24.5,24.5,14.5,0,14.5,14.5,,0,0,0,0,1,0,1
51,"'burbs, The",1989,101,null,6,7641,4.5,4.5,4.5,4.5,14.5,14.5,14.5,14.5,4.5,14.5,,0,0,1,0,0,0,0
52,(A)Torzija,2002,13,null,7.2,71,4.5,0,4.5,4.5,4.5,4.5,14.5,24.5,14.5,24.5,,0,0,0,1,0,0,1
53,(Entre nous),2002,82,null,4.8,22,14.5,4.5,4.5,14.5,24.5,14.5,4.5,4.5,0,0,,0,0,0,1,0,0,0
54,(Haru),1996,118,null,6.6,19,4.5,0,14.5,0,4.5,14.5,14.5,24.5,14.5,14.5,,0,0,0,1,0,1,0
55,(Paris: XY),2001,80,null,1.4,6,14.5,0,14.5,0,14.5,14.5,14.5,14.5,0,0,,0,0,0,1,0,0,0
56,(T)Raumschiff Surprise - Periode 1,2004,87,null,5.6,1275,14.5,4.5,4.5,4.5,14.5,14.5,14.5,14.5,4.5,14.5,,0,0,1,0,0,0,0
57,*Corpus Callosum,2002,92,null,4.9,36,24.5,14.5,4.5,4.5,0,4.5,14.5,4.5,4.5,14.5,,0,0,0,1,0,0,0
58,*batteries not included,1987,106,null,5.7,4148,4.5,4.5,4.5,4.5,14.5,24.5,14.5,14.5,4.5,4.5,,0,0,1,0,0,0,0
59,+1 -1,1987,7,null,9.4,6,0,0,0,0,0,0,0,0,45.5,45.5,,0,1,1,0,0,0,1
60,-30-,1959,96,null,6.3,43,4.5,4.5,0,4.5,14.5,4.5,24.5,14.5,4.5,24.5,,0,0,0,1,0,0,0
61,-But the Flesh Is Weak,1932,77,null,5.8,32,4.5,4.5,4.5,14.5,4.5,24.5,14.5,14.5,4.5,4.5,,0,0,1,0,0,0,0
62,...4 ...3 ...2 ...1 ...morte,1967,95,null,3.6,67,34.5,14.5,4.5,4.5,4.5,4.5,4.5,4.5,4.5,4.5,,0,0,0,0,0,0,0
63,...All the Marbles,1981,113,null,5.6,348,4.5,4.5,4.5,4.5,14.5,24.5,14.5,14.5,4.5,14.5,,1,0,1,1,0,1,0
64,...Almost,1990,84,null,5.3,38,0,4.5,4.5,4.5,24.5,24.5,24.5,4.5,4.5,4.5,,0,0,0,1,0,1,0
65,...And Justice for All,1979,119,null,7,2610,4.5,4.5,4.5,4.5,4.5,14.5,24.5,24.5,14.5,14.5,,0,0,0,1,0,0,0
66,...And Millions Die!,1973,93,null,4.4,23,14.5,0,4.5,34.5,24.5,14.5,0,0,0,14.5,,0,0,0,0,0,0,0
67,...Because She Disobeyed,1935,104,null,6,11,0,0,0,0,14.5,14.5,0,4.5,34.5,14.5,,0,0,1,1,0,0,0
68,"...Belpaese, Il",1977,109,null,5.2,11,4.5,0,0,0,34.5,34.5,4.5,4.5,0,0,,0,0,1,1,0,0,0
69,...Comme elle respire,1998,106,null,6.1,103,4.5,4.5,0,4.5,14.5,14.5,34.5,14.5,4.5,4.5,,0,0,1,0,0,0,0
70,...Is It the Design on the Wrapper?,1997,8,null,2.6,14,24.5,0,0,0,4.5,4.5,24.5,4.5,0,24.5,,0,0,0,0,0,0,1
71,...Ja teeb trikke,1978,10,null,7.9,7,0,0,0,0,0,0,14.5,24.5,24.5,24.5,,0,1,1,0,0,0,1
72,...Lost,2000,5,null,6.2,13,4.5,0,0,4.5,24.5,34.5,24.5,4.5,0,0,,0,0,0,0,0,0,1
73,...Maybe This Time,1980,96,null,5.7,8,0,0,0,0,24.5,34.5,24.5,14.5,0,0,,0,0,0,1,0,0,0
74,...Po prozvishchu 'Zver',1990,88,null,4.7,11,4.5,0,4.5,4.5,4.5,14.5,14.5,0,4.5,14.5,,1,0,0,0,0,0,0
75,...Quando Troveja,1999,92,null,4.6,25,4.5,0,4.5,14.5,24.5,14.5,24.5,14.5,4.5,0,,0,0,0,1,0,0,0
76,...To Skin a Cat,2004,22,null,8.1,11,0,4.5,0,0,4.5,0,4.5,14.5,4.5,44.5,,0,0,1,0,0,0,1
77,...a tutte le auto della polizia,1975,90,null,6.8,7,0,0,0,0,0,24.5,74.5,0,0,0,,0,0,0,0,0,0,0
78,...a zase ta Lucie!,1984,82,null,5.8,19,4.5,0,14.5,0,24.5,24.5,14.5,4.5,14.5,4.5,,0,0,1,0,0,0,0
79,"...al fin, el mar",2005,95,null,5,9,24.5,0,14.5,14.5,24.5,14.5,0,0,0,24.5,,0,0,0,1,0,1,0
80,...ani smrt nebere,1996,88,null,3.6,5,44.5,24.5,0,0,0,24.5,0,24.5,0,0,,0,0,0,0,0,0,0
81,"...borgnes sont rois, Les",1974,15,null,8.3,6,0,0,0,14.5,0,0,14.5,0,14.5,45.5,,0,0,0,0,0,0,1
82,"...dopo di che, uccide il maschio e lo divora",1971,96,null,6.1,5,0,0,0,0,0,44.5,0,44.5,0,24.5,,0,0,0,1,0,0,0
83,...e per tetto un cielo di stelle,1968,100,null,3.9,19,0,14.5,14.5,24.5,0,24.5,14.5,0,4.5,14.5,,0,0,0,0,0,0,0
84,...e tanta paura,1976,98,null,5.8,20,0,0,14.5,14.5,4.5,14.5,24.5,14.5,0,24.5,,0,0,0,0,0,0,0
85,...som havets nakna vind,1968,105,null,5.3,21,4.5,4.5,0,0,4.5,4.5,14.5,4.5,4.5,34.5,,0,0,0,1,0,1,0
86,...tick...tick...tick...,1970,100,null,6,145,4.5,4.5,4.5,14.5,14.5,24.5,14.5,14.5,4.5,14.5,,1,0,0,1,0,0,0
87,...und abends in die Scala,1958,94,null,5.7,5,0,0,24.5,0,0,0,64.5,24.5,0,0,,0,0,0,0,0,0,0
88,...und das ist erst der Anfang,2000,95,null,5.9,50,4.5,4.5,4.5,4.5,4.5,14.5,14.5,14.5,4.5,14.5,,0,0,1,0,0,1,0
89,...und die Liebe lacht dazu,1957,97,null,6.8,5,0,0,0,24.5,0,0,44.5,44.5,0,0,,0,0,0,0,0,0,0
90,...ya no puede caminar.,2001,14,null,7.1,35,4.5,0,4.5,4.5,14.5,14.5,4.5,14.5,4.5,34.5,,0,0,0,0,0,0,1
91,.com for Murder,2002,96,5000000,3.7,271,64.5,4.5,4.5,4.5,4.5,4.5,4.5,4.5,4.5,4.5,,0,0,0,0,0,0,0
92,00 Schneider - Jagd auf Nihil Baxter,1994,90,null,5.9,339,14.5,4.5,4.5,4.5,4.5,4.5,4.5,4.5,4.5,34.5,,0,0,1,0,0,0,0
93,002 agenti segretissimi,1964,83,null,3.6,6,34.5,0,0,0,0,14.5,14.5,14.5,0,14.5,,1,0,1,0,0,0,0
94,002 operazione Luna,1965,90,null,4.7,9,14.5,14.5,0,14.5,0,0,24.5,0,24.5,24.5,,0,0,1,0,0,0,0
95,06,1994,87,null,6.4,238,4.5,4.5,4.5,4.5,4.5,14.5,24.5,24.5,4.5,4.5,,0,0,0,1,0,1,0
96,06/05,2004,117,null,6.3,165,4.5,4.5,4.5,4.5,4.5,14.5,24.5,14.5,4.5,24.5,,0,0,0,1,0,0,0
97,07 con el 2 delante (Agente: Jaime Bonet),1966,101,null,1.8,13,64.5,0,4.5,4.5,0,0,14.5,4.5,0,0,,0,0,1,0,0,0,0
98,08/15,1954,95,null,4.6,65,14.5,0,0,4.5,14.5,4.5,24.5,14.5,4.5,14.5,,0,0,0,1,0,0,0
99,08/15 - In der Heimat,1955,96,null,4.2,48,14.5,4.5,0,4.5,14.5,24.5,14.5,4.5,4.5,14.5,,0,0,0,1,0,0,0
100,08/15 - Zweiter Teil,1955,110,null,3.7,47,14.5,4.5,4.5,4.5,14.5,14.5,14.5,14.5,4.5,14.5,,0,0,0,1,0,0,0
101,1 Giant Leap,2002,155,null,6.6,75,4.5,4.5,0,4.5,4.5,14.5,24.5,14.5,14.5,34.5,,0,0,0,0,1,0,0
102,1+1=3,1979,85,null,7.5,5,0,0,0,0,0,0,44.5,44.5,0,24.5,,0,0,1,0,0,0,0
103,"1,000 Dollars a Minute",1935,70,null,6.2,5,0,0,24.5,0,24.5,0,44.5,0,0,24.5,,0,0,1,0,0,0,0
104,"1,99 - Um Supermercado Que Vende Palavras",2003,72,null,4.9,28,4.5,4.5,4.5,4.5,14.5,4.5,14.5,24.5,4.5,14.5,,0,0,1,0,1,0,0
105,1-2-3-4 ou Les Collants noirs,1960,125,null,7.3,34,0,4.5,4.5,0,4.5,14.5,14.5,24.5,4.5,24.5,,0,0,0,1,0,0,0
106,1. April 2000,1952,105,null,6.9,27,4.5,0,0,14.5,14.5,4.5,14.5,14.5,14.5,24.5,,0,0,0,0,0,0,0
107,1/2 Mensch,1986,48,null,8.1,29,4.5,0,0,0,4.5,0,0,4.5,24.5,64.5,,0,0,0,0,1,0,0
108,10,1979,122,null,5.7,3170,4.5,4.5,4.5,4.5,14.5,24.5,24.5,14.5,4.5,4.5,,0,0,1,0,0,1,0
109,10 Magnificent Killers,1977,84,null,2.6,9,64.5,0,0,14.5,14.5,14.5,0,0,0,0,,1,0,0,1,0,0,0
110,10 Rillington Place,1971,111,null,7.2,486,4.5,4.5,4.5,4.5,4.5,4.5,24.5,34.5,14.5,14.5,,0,0,0,1,0,0,0
111,10 Seconds,1998,10,null,7.3,21,0,0,0,4.5,4.5,14.5,24.5,34.5,4.5,4.5,,0,0,0,0,0,0,1
112,10 Things I Hate About You,1999,97,16000000,6.7,19095,4.5,4.5,4.5,4.5,4.5,14.5,24.5,14.5,14.5,14.5,PG-13,0,0,1,0,0,1,0
113,10 Violent Women,1982,95,null,3.8,31,14.5,14.5,14.5,14.5,4.5,4.5,4.5,4.5,0,4.5,,1,0,0,1,0,0,0
114,10 from Your Show of Shows,1973,92,null,8.6,61,4.5,0,4.5,4.5,0,4.5,4.5,14.5,14.5,44.5,,0,0,1,0,0,0,0
115,10 jaar leuven kort,2004,240,null,7.9,7,0,0,14.5,0,0,14.5,14.5,0,14.5,44.5,,0,0,0,1,0,0,1
116,10 on Ten,2004,88,null,5.9,40,4.5,4.5,4.5,4.5,4.5,14.5,24.5,14.5,14.5,14.5,,0,0,0,0,1,0,0
117,10 pesos,2003,6,null,6.1,8,0,0,0,14.5,14.5,24.5,14.5,14.5,24.5,0,,0,0,0,0,0,0,1
118,10 to Midnight,1983,101,null,5.4,530,4.5,4.5,4.5,14.5,14.5,14.5,14.5,14.5,4.5,4.5,,1,0,0,0,0,0,0
119,10.000 dollari per un massacro,1967,100,null,3.6,16,0,14.5,0,0,0,14.5,24.5,14.5,14.5,14.5,,0,0,0,0,0,0,0
120,10.7,1997,28,null,8.8,5,0,0,0,0,0,0,0,64.5,0,44.5,,0,0,0,0,0,0,1
121,100 Days,1991,161,null,5.8,59,4.5,4.5,0,4.5,4.5,14.5,14.5,24.5,14.5,14.5,,0,0,0,0,0,1,0
122,100 Days,2001,100,null,6.2,14,0,14.5,0,0,4.5,0,24.5,24.5,4.5,24.5,,0,0,0,1,0,0,0
123,100 Girls,2000,90,null,5.8,3349,4.5,4.5,4.5,4.5,14.5,14.5,24.5,14.5,4.5,4.5,R,0,0,1,0,0,1,0
124,100 Mile Rule,2002,98,1100000,5.6,181,4.5,4.5,4.5,4.5,14.5,24.5,14.5,14.5,4.5,14.5,R,0,0,1,0,0,0,0
125,100 Pro,2001,88,null,5.5,94,4.5,14.5,14.5,4.5,4.5,4.5,14.5,4.5,4.5,14.5,,0,0,1,0,0,0,0
126,100 Proof,1997,94,140000,3.3,19,14.5,14.5,4.5,14.5,14.5,14.5,14.5,0,0,24.5,,0,0,0,1,0,0,0
127,100 Rifles,1969,110,null,5.6,267,4.5,4.5,4.5,14.5,14.5,34.5,14.5,4.5,4.5,4.5,,0,0,0,0,0,0,0
128,100 Years at the Movies,1994,9,null,9.2,91,0,4.5,0,4.5,4.5,4.5,4.5,4.5,14.5,64.5,,0,0,0,0,1,0,1
129,100 minuta slave,2004,100,null,5.9,21,14.5,4.5,4.5,4.5,4.5,0,4.5,14.5,4.5,24.5,,0,0,0,1,0,0,0
130,1000 Boomerangs,1995,101,null,4.6,7,45.5,14.5,0,0,0,14.5,0,14.5,0,0,,0,0,0,1,0,0,0
131,1000 Convicts and a Woman,1971,92,null,6.1,10,0,24.5,14.5,0,14.5,14.5,0,24.5,0,34.5,,0,0,0,1,0,0,0
132,1000 Rosen,1994,95,null,5.1,17,14.5,4.5,0,0,0,4.5,14.5,34.5,4.5,14.5,,0,0,0,1,0,0,0
133,1000 Shapes of a Female,1963,79,null,2.2,6,0,45.5,0,14.5,0,0,0,14.5,0,14.5,,0,0,1,0,0,0,0
134,"10000th Day, The",1997,18,null,8,5,0,0,0,0,0,24.5,44.5,0,0,44.5,,0,0,0,0,0,0,1
135,1001 Arabian Nights,1959,75,null,5.2,59,14.5,0,4.5,14.5,14.5,24.5,4.5,4.5,4.5,14.5,,0,1,0,0,0,0,0
136,1001 Erotic Nights 2,1986,79,null,7.7,15,14.5,0,0,0,4.5,4.5,14.5,14.5,4.5,44.5,,0,0,0,0,0,0,0
137,1001 Nights,1998,23,null,7.3,11,0,0,0,0,0,14.5,0,24.5,14.5,34.5,,0,0,0,0,0,0,1
138,"1001 nuits, Les",1990,98,null,5.1,122,4.5,4.5,4.5,14.5,14.5,14.5,14.5,14.5,4.5,4.5,,0,0,0,1,0,0,0
139,101,1989,117,200000,7.8,299,4.5,0,4.5,4.5,4.5,4.5,4.5,14.5,14.5,45.5,,0,0,0,0,1,0,0
140,101 Dalmatians,1996,103,null,5.5,5028,4.5,4.5,4.5,14.5,14.5,24.5,14.5,4.5,4.5,4.5,,0,0,1,0,0,0,0
141,101 Rent Boys,2000,78,null,6.3,83,4.5,4.5,4.5,4.5,14.5,14.5,24.5,14.5,14.5,14.5,,0,0,0,0,1,0,0
142,101 Ways (The Things a Girl Will Do to Keep Her Volvo),2000,100,null,5.5,68,4.5,4.5,4.5,14.5,4.5,14.5,24.5,14.5,14.5,4.5,,0,0,1,0,0,0,0
143,101-vy kilometer,2001,103,200000,5.8,7,0,0,14.5,0,0,44.5,0,14.5,0,24.5,,0,0,0,1,0,0,0
144,101byeonjae propose,1993,112,null,5.2,20,14.5,0,4.5,4.5,44.5,4.5,4.5,14.5,4.5,4.5,,0,0,1,0,0,1,0
145,102 Dalmatians,2000,100,85000000,4.7,1987,4.5,4.5,14.5,14.5,24.5,14.5,14.5,4.5,4.5,4.5,,0,0,1,0,0,0,0
146,10:10,2000,14,null,6,6,0,0,0,14.5,14.5,34.5,14.5,14.5,0,0,,0,0,0,0,0,0,1
147,10:30 P.M. Summer,1966,85,null,6.2,42,4.5,0,0,4.5,14.5,14.5,14.5,14.5,4.5,24.5,,0,0,0,1,0,0,0
148,10e chambre - Instants d'audience,2004,105,null,7.4,111,0,0,4.5,0,0,14.5,24.5,34.5,14.5,4.5,,0,0,0,0,1,0,0
149,11 Harrowhouse,1974,94,null,6,177,4.5,4.5,4.5,4.5,14.5,14.5,24.5,14.5,4.5,14.5,,0,0,1,0,0,0,0
150,11 Uhr 59,2000,11,null,8.4,5,0,0,0,0,24.5,0,0,0,64.5,24.5,,0,0,0,0,0,0,1
151,"11 commandements, Les",2004,85,null,4.7,199,14.5,4.5,4.5,14.5,14.5,14.5,14.5,4.5,4.5,4.5,,0,0,1,0,0,0,0
152,11'09''01 - September 11,2002,134,null,6.9,1264,4.5,4.5,4.5,4.5,4.5,14.5,14.5,24.5,14.5,14.5,,0,0,0,1,0,0,0
153,11:11,2004,95,null,4.3,222,14.5,14.5,4.5,14.5,14.5,14.5,4.5,4.5,4.5,14.5,R,0,0,0,0,0,0,0
154,11:14,2003,95,6000000,7.1,605,4.5,4.5,4.5,4.5,4.5,14.5,24.5,24.5,4.5,14.5,,0,0,1,1,0,0,0
155,12 + 1,1969,94,null,5.5,51,4.5,0,4.5,4.5,14.5,24.5,24.5,14.5,4.5,14.5,,0,0,1,0,0,0,0
156,12 Angry Men,1957,96,340000,8.7,29278,4.5,4.5,4.5,4.5,4.5,4.5,4.5,24.5,24.5,34.5,,0,0,0,1,0,0,0
157,12 B,2001,150,null,5.2,6,0,0,14.5,34.5,14.5,14.5,0,0,14.5,0,,0,0,0,1,0,0,0
158,12 Bucks,1998,86,null,5.1,46,14.5,4.5,14.5,4.5,4.5,14.5,14.5,4.5,4.5,4.5,,0,0,0,1,0,0,0
159,12 Hot Women,2003,4,null,5.2,24,14.5,0,4.5,4.5,4.5,14.5,0,4.5,4.5,45.5,,0,0,1,0,0,0,1
160,12 Stops on the Road to Nowhere,1999,18,null,7.2,24,14.5,0,0,0,0,4.5,14.5,14.5,14.5,44.5,,0,0,1,0,0,0,1
161,12 horas,2001,89,null,6.2,39,24.5,4.5,4.5,4.5,4.5,4.5,14.5,24.5,14.5,4.5,,0,0,1,1,0,0,0
162,12 mesyatsev,1956,55,null,8.5,14,0,0,0,0,0,0,4.5,4.5,24.5,64.5,,0,1,0,0,0,0,0
163,12 stulev,1971,161,null,8.9,252,4.5,0,4.5,0,4.5,4.5,4.5,4.5,14.5,64.5,,0,0,1,0,0,0,0
164,12 to the Moon,1960,74,150000,2.8,89,34.5,24.5,14.5,4.5,14.5,4.5,4.5,4.5,4.5,4.5,,0,0,0,0,0,0,0
165,"120 Tage von Bottrop, Die",1997,60,null,2.4,52,34.5,4.5,4.5,4.5,4.5,4.5,4.5,14.5,4.5,24.5,,0,0,1,0,0,0,0
166,125 rue Montmartre,1959,85,null,5.2,22,0,0,14.5,14.5,4.5,24.5,4.5,24.5,4.5,0,,0,0,0,1,0,0,0
167,12:01 PM,1990,25,null,7.4,183,4.5,4.5,4.5,4.5,4.5,4.5,14.5,14.5,24.5,34.5,,0,0,0,0,0,0,1
168,12:35,2002,92,null,8.2,5,24.5,0,0,0,0,0,0,0,0,84.5,,0,0,0,1,0,0,0
169,13 Dead Men,2003,85,null,2.2,69,44.5,4.5,4.5,4.5,4.5,4.5,4.5,4.5,0,14.5,R,1,0,0,0,0,0,0
170,13 Fighting Men,1960,69,null,4.2,5,24.5,0,24.5,44.5,24.5,0,0,0,0,0,,0,0,0,0,0,0,0
171,13 Frightened Girls,1963,89,null,5,34,4.5,4.5,4.5,4.5,4.5,24.5,14.5,4.5,4.5,14.5,,0,0,0,0,0,0,0
172,13 Ghosts,1960,85,null,5.6,578,4.5,4.5,4.5,4.5,14.5,24.5,14.5,14.5,4.5,4.5,,0,0,0,0,0,0,0
173,13 Going On 30,2004,98,37000000,6.4,7859,4.5,4.5,4.5,4.5,4.5,14.5,24.5,14.5,4.5,14.5,PG-13,0,0,1,1,0,1,0
174,13 Lakes,2004,135,null,9,5,0,0,0,0,0,0,0,44.5,24.5,44.5,,0,0,0,0,1,0,0
175,13 Moons,2002,93,null,5.6,196,4.5,4.5,4.5,4.5,4.5,14.5,14.5,14.5,4.5,24.5,R,0,0,1,0,0,0,0
176,13 Rue Madeleine,1947,95,null,6.8,262,0,0,4.5,4.5,4.5,14.5,34.5,24.5,4.5,4.5,,0,0,0,0,0,0,0
177,13 West Street,1962,80,null,6.3,35,0,0,0,0,24.5,34.5,24.5,14.5,4.5,4.5,,0,0,0,1,0,0,0
178,13 kaidan,2003,122,null,7.2,23,0,0,4.5,4.5,0,14.5,14.5,34.5,24.5,4.5,,0,0,0,0,0,0,0
179,13. jul,1982,110,null,6.4,11,0,0,4.5,4.5,24.5,0,14.5,4.5,14.5,4.5,,0,0,0,1,0,0,0
180,13ta godenitsa na printsa,1987,89,null,6.8,54,4.5,4.5,0,4.5,4.5,4.5,4.5,4.5,4.5,74.5,,0,0,0,0,0,0,0
181,"13th Floor, The",1988,88,null,4.3,131,4.5,4.5,14.5,4.5,24.5,14.5,4.5,4.5,4.5,4.5,,0,0,0,0,0,0,0
182,"13th House, The",2003,58,null,4.9,12,0,0,0,14.5,14.5,4.5,0,24.5,24.5,4.5,,0,0,0,0,0,0,0
183,"13th Letter, The",1951,85,null,6.1,27,4.5,4.5,0,4.5,14.5,14.5,24.5,14.5,14.5,14.5,,0,0,0,0,0,0,0
184,"13th Man, The",1937,70,null,5.1,5,0,0,24.5,0,24.5,24.5,24.5,24.5,0,0,,0,0,0,0,0,0,0
185,"13th Sign, The",2000,85,null,3.9,28,24.5,4.5,4.5,14.5,4.5,14.5,4.5,14.5,0,14.5,,0,0,0,0,0,0,0
186,"13th Warrior, The",1999,102,85000000,6.1,14344,4.5,4.5,4.5,4.5,14.5,14.5,24.5,14.5,4.5,4.5,R,1,0,0,0,0,0,0
187,14 Carrot Rabbit,1952,7,null,7.2,66,4.5,0,0,4.5,4.5,14.5,34.5,24.5,4.5,14.5,,0,1,1,0,0,0,1
188,14 Million Dreams,2003,52,null,8.3,7,14.5,0,0,0,0,0,0,0,44.5,44.5,,0,0,0,1,1,0,0
189,14 numara,1985,83,null,3.6,12,24.5,4.5,24.5,4.5,0,4.5,4.5,4.5,0,4.5,,0,0,0,1,0,0,0
190,"14, The",1973,105,null,6.7,7,0,0,0,0,0,14.5,24.5,14.5,0,44.5,,0,0,0,0,0,0,0
191,14/1 endlos,1998,27,null,7,5,0,0,0,44.5,0,0,0,0,64.5,0,,0,0,0,0,0,0,1
192,1492: Conquest of Paradise,1992,154,47000000,6,3379,4.5,4.5,4.5,4.5,14.5,24.5,24.5,14.5,4.5,4.5,,0,0,0,1,0,0,0
193,"14e kippetje, Het",1998,88,null,5.5,118,4.5,4.5,4.5,14.5,14.5,14.5,34.5,4.5,4.5,4.5,,0,0,1,1,0,1,0
194,15,2003,90,null,6.4,97,4.5,4.5,4.5,4.5,4.5,4.5,14.5,24.5,14.5,14.5,,0,0,1,1,0,0,0
195,15 Amore,1998,92,null,6.5,88,0,4.5,4.5,4.5,4.5,4.5,14.5,24.5,14.5,14.5,,0,0,0,1,0,0,0
196,15 Minutes,1999,25,null,4.8,19,14.5,0,0,4.5,24.5,24.5,14.5,24.5,4.5,0,,0,0,1,0,0,0,1
197,15 Minutes,2001,120,42000000,6.1,10866,4.5,4.5,4.5,4.5,14.5,24.5,24.5,14.5,4.5,4.5,R,0,0,0,1,0,0,0
198,15' zondergrond,2000,20,null,6.4,7,0,0,24.5,0,0,14.5,14.5,14.5,24.5,0,,0,0,0,0,0,0,1
199,15-Sai: Gakko IV,2000,120,null,5.5,13,24.5,0,0,4.5,4.5,0,4.5,14.5,14.5,24.5,,0,0,0,1,0,0,0
200,15.35: spoor 1,2003,74,null,5.6,27,4.5,4.5,0,4.5,14.5,24.5,14.5,14.5,4.5,14.5,,0,0,0,1,0,0,0
201,16 Days of Glory,1985,145,null,7.7,37,0,0,4.5,4.5,4.5,4.5,14.5,14.5,14.5,24.5,,0,0,0,0,1,0,0
202,16 December,2002,158,null,7.3,26,4.5,0,4.5,0,4.5,14.5,24.5,14.5,14.5,14.5,,1,0,0,0,0,0,1
203,16 Fathoms Deep,1948,82,null,7.6,6,0,0,0,0,0,34.5,14.5,34.5,14.5,0,,0,0,0,0,0,0,0
204,16/67: 20. September,1967,6,null,5.5,6,0,0,14.5,14.5,0,14.5,0,0,14.5,34.5,,0,0,0,0,0,0,1
205,16060,1995,86,null,6.7,30,4.5,4.5,4.5,0,14.5,14.5,4.5,34.5,14.5,14.5,,0,0,0,1,0,0,0
206,17 Seconds to Sophie,1998,1,null,5.1,7,0,0,0,14.5,24.5,14.5,0,0,0,44.5,,0,0,0,0,1,0,1
207,17 and Under,1998,107,null,4.1,13,4.5,0,0,14.5,14.5,14.5,0,0,4.5,34.5,,0,0,0,1,0,0,0
208,17 op,1989,75,null,4.4,9,14.5,34.5,0,0,34.5,14.5,14.5,0,0,0,,0,0,0,0,0,0,0
209,17 rue Bleue,2001,95,null,5.7,22,0,0,14.5,4.5,14.5,24.5,14.5,4.5,0,4.5,,0,0,0,1,0,0,0
210,1776,1972,180,4000000,7.3,1754,4.5,4.5,4.5,4.5,4.5,4.5,14.5,14.5,14.5,34.5,PG,0,0,0,1,0,0,0
211,1789,1974,150,null,5.2,18,0,0,4.5,14.5,24.5,0,4.5,14.5,0,44.5,,0,0,0,0,0,0,0
212,"17th Man, The",2004,23,null,7.6,18,4.5,14.5,0,0,0,0,4.5,14.5,24.5,34.5,,0,0,0,0,0,0,1
213,18 Again!,1988,93,null,4.8,643,4.5,4.5,14.5,14.5,24.5,14.5,14.5,4.5,4.5,4.5,,0,0,1,0,0,0,0
214,18 Shades of Dust,1999,87,null,4.5,43,14.5,14.5,4.5,24.5,14.5,14.5,4.5,4.5,4.5,14.5,R,0,0,0,1,0,0,0
215,18 Weapons of Kung Fu,1977,89,null,2,21,24.5,4.5,14.5,4.5,0,4.5,4.5,0,0,34.5,,1,0,0,1,0,0,0
216,18 anni tra una settimana,1991,98,null,5.9,7,14.5,0,0,0,14.5,44.5,14.5,14.5,0,0,,0,0,0,1,0,0,0
217,18-j,2004,100,null,8.5,26,4.5,4.5,0,4.5,0,4.5,0,14.5,14.5,45.5,,0,0,0,1,1,0,0
218,1860,1934,80,null,7,16,0,0,14.5,4.5,14.5,34.5,4.5,14.5,0,14.5,,0,0,0,1,0,0,0
219,1871,1990,100,null,4.2,11,4.5,14.5,4.5,4.5,0,0,14.5,4.5,14.5,4.5,,0,0,0,1,0,0,0
220,187: Documented,1997,58,null,3,14,44.5,0,0,14.5,0,4.5,14.5,0,4.5,14.5,,0,0,0,1,1,0,0
221,1895,1995,30,null,7.8,21,4.5,4.5,0,0,4.5,0,4.5,4.5,0,64.5,,0,1,0,0,0,0,1
222,19,2000,82,null,7,59,4.5,4.5,0,4.5,4.5,14.5,14.5,24.5,14.5,14.5,,0,0,0,1,0,0,0
223,19 Months,2002,77,null,5.3,51,14.5,4.5,4.5,4.5,4.5,24.5,4.5,4.5,14.5,14.5,R,0,0,1,0,0,0,0
224,19 djevojaka i Mornar,1971,73,null,5.4,5,24.5,0,24.5,0,0,0,24.5,44.5,0,0,,0,0,0,0,0,0,0
225,1900,1976,245,9000000,7.5,2408,4.5,4.5,4.5,4.5,4.5,4.5,14.5,24.5,24.5,24.5,,0,0,0,1,0,0,0
226,1918,1985,94,null,5.8,65,4.5,4.5,4.5,4.5,14.5,24.5,14.5,14.5,4.5,14.5,,0,0,0,1,0,0,0
227,1919,1985,99,null,5,28,14.5,0,14.5,14.5,0,4.5,24.5,4.5,4.5,14.5,,0,0,0,1,0,0,0
228,1919,1997,8,null,6.2,13,34.5,4.5,0,4.5,14.5,0,4.5,0,14.5,14.5,,0,0,0,0,0,0,1
229,1925 Studio Tour,1925,32,null,8.2,26,0,0,0,0,4.5,4.5,14.5,14.5,14.5,44.5,,0,0,0,0,1,0,1
230,1939,1989,193,null,5.7,62,0,4.5,4.5,14.5,24.5,24.5,14.5,4.5,4.5,4.5,,0,0,0,1,0,0,0
231,1941,1941,7,null,7.9,5,0,0,0,0,24.5,0,24.5,0,0,64.5,,0,0,0,0,0,0,1
232,1941,1979,146,35000000,5.6,5536,4.5,4.5,4.5,4.5,14.5,14.5,14.5,14.5,4.5,4.5,,0,0,1,0,0,0,0
233,1942: A Love Story,1993,157,null,6.5,210,4.5,4.5,4.5,4.5,4.5,4.5,14.5,14.5,14.5,34.5,,1,0,0,1,0,1,0
234,1952: Ivan i Aleksandra,1989,80,null,7.3,16,4.5,4.5,0,0,4.5,4.5,34.5,14.5,14.5,14.5,,0,0,0,1,0,0,0
235,1955 Motion Picture Theatre Celebration,1955,18,null,4.6,12,14.5,0,0,4.5,14.5,14.5,0,0,0,44.5,,0,0,0,0,1,0,1
236,1958,1980,96,null,5.9,23,4.5,4.5,4.5,14.5,14.5,4.5,14.5,4.5,4.5,4.5,,1,0,0,1,0,0,0
237,1969,1988,95,null,5.3,659,4.5,4.5,4.5,14.5,14.5,14.5,14.5,4.5,4.5,4.5,,0,0,0,1,0,0,0
238,1974,2000,8,null,4.4,12,0,14.5,24.5,4.5,24.5,0,4.5,0,4.5,4.5,,0,1,0,0,0,0,1
239,"1974, une partie de campagne",1974,90,null,7.6,22,0,0,0,0,4.5,14.5,34.5,34.5,4.5,4.5,,0,0,0,0,1,0,0
240,1984,1956,90,null,6.9,304,4.5,4.5,4.5,4.5,4.5,14.5,24.5,14.5,14.5,24.5,,0,0,0,1,0,0,0
241,1990: I guerrieri del Bronx,1982,89,null,3.9,181,14.5,14.5,4.5,4.5,14.5,14.5,4.5,4.5,4.5,4.5,,1,0,0,0,0,0,0
242,1991: The Year Punk Broke,1992,99,null,6.9,166,4.5,4.5,4.5,4.5,4.5,4.5,4.5,4.5,14.5,44.5,,0,0,0,0,1,0,0
243,1997 - Zapisi Rustema s risunkami,1998,80,null,7.9,11,0,0,0,4.5,0,0,14.5,74.5,0,0,,0,0,0,0,0,0,0
244,1999,1998,92,null,5.3,93,4.5,4.5,4.5,14.5,14.5,14.5,14.5,4.5,4.5,14.5,R,0,0,0,1,0,0,0
245,1999 - Nen no natsu yasumi,1988,90,null,6.5,66,4.5,4.5,4.5,4.5,4.5,14.5,14.5,4.5,14.5,44.5,,0,0,0,1,0,0,0
246,1999 Madeleine,1999,86,null,5.6,52,4.5,0,4.5,14.5,14.5,14.5,14.5,14.5,4.5,4.5,,0,0,1,0,0,1,0
247,2 A.M. in the Subway,1905,1,null,5.2,13,0,0,14.5,14.5,24.5,34.5,4.5,0,4.5,0,,0,0,1,0,0,0,1
248,2 Birds with 1 Stallone,2002,76,null,1.5,30,24.5,4.5,0,0,4.5,0,0,14.5,0,64.5,,0,0,0,1,0,0,0
249,2 Days in the Valley,1996,104,null,6.4,5057,4.5,4.5,4.5,4.5,4.5,14.5,24.5,14.5,4.5,4.5,R,0,0,0,1,0,0,0
250,2 Dyuo,1997,90,null,6.5,9,14.5,14.5,0,0,14.5,24.5,14.5,14.5,14.5,14.5,,0,0,0,1,0,0,0
251,2 Fast 2 Furious,2003,107,76000000,5.1,9556,14.5,4.5,4.5,4.5,14.5,14.5,14.5,4.5,4.5,4.5,PG-13,1,0,0,0,0,0,0
252,2 G's & a Key,2000,97,null,4.4,44,24.5,4.5,4.5,14.5,14.5,4.5,4.5,4.5,4.5,14.5,,1,0,0,0,0,0,0
253,"2 Little, 2 Late",1999,87,null,6.5,18,14.5,0,0,4.5,0,0,0,4.5,14.5,64.5,,0,0,1,1,0,0,0
254,2 bileta na dnevnoy seans,1966,90,null,8.2,5,0,0,0,0,0,0,44.5,24.5,24.5,24.5,,0,0,0,0,0,0,0
255,"2 deputati, I",1968,95,null,6.9,9,14.5,0,0,0,0,24.5,34.5,24.5,14.5,0,,0,0,1,0,0,0,0
256,2 minutter,2001,8,null,6.9,9,0,0,0,0,14.5,24.5,14.5,14.5,0,44.5,,0,0,0,0,0,0,1
257,2 or 3 Things But Nothing for Sure,1997,12,null,7.2,5,0,0,24.5,0,0,24.5,0,24.5,24.5,24.5,,0,0,0,0,1,0,1
258,2 ou 3 choses que je sais d'elle,1967,90,null,6.7,355,4.5,4.5,4.5,4.5,4.5,14.5,14.5,14.5,14.5,24.5,,0,0,0,1,0,0,0
259,2 ryk og 1 aflevering,2003,96,null,5.5,86,4.5,4.5,4.5,14.5,14.5,14.5,14.5,14.5,4.5,4.5,,0,0,1,1,0,0,0
260,2 secondes,1998,100,null,6.8,166,4.5,4.5,4.5,4.5,4.5,14.5,24.5,24.5,14.5,14.5,,0,0,1,1,0,1,0
261,2+1,2004,28,null,8.2,16,14.5,4.5,0,0,0,0,0,4.5,0,74.5,,0,0,1,0,0,0,1
262,2+5: Missione Hydra,1965,89,null,3.3,29,24.5,14.5,4.5,24.5,4.5,14.5,4.5,0,4.5,14.5,,0,0,0,0,0,0,0
263,"2,000 Women",1944,97,null,5.9,50,0,4.5,0,0,4.5,14.5,14.5,4.5,34.5,24.5,,0,0,0,0,0,0,0
264,2. juledag,2000,25,null,5.5,8,0,0,14.5,0,24.5,34.5,14.5,14.5,0,0,,0,0,0,0,0,0,1
265,20 Dates,1998,87,60000,5.4,841,4.5,4.5,4.5,4.5,14.5,14.5,14.5,14.5,4.5,4.5,R,0,0,1,0,1,1,0
266,20 Fingers,2004,74,null,6.7,52,4.5,4.5,4.5,4.5,4.5,4.5,4.5,4.5,4.5,64.5,,0,0,0,1,0,0,0
267,20 Million Miles to Earth,1957,82,null,6.2,523,4.5,4.5,4.5,4.5,14.5,24.5,24.5,14.5,4.5,4.5,,0,0,0,0,0,0,0
268,20 Mule Team,1940,84,null,7.1,25,0,0,0,4.5,14.5,14.5,34.5,14.5,14.5,4.5,,0,0,0,0,0,0,0
269,"20,000 Cheers for the Chain Gang",1933,20,null,6.5,16,0,4.5,4.5,0,4.5,4.5,34.5,24.5,4.5,4.5,,0,0,1,0,0,0,1
270,"20,000 Leagues Under the Sea",1916,105,200000,6.2,135,4.5,4.5,4.5,4.5,24.5,14.5,24.5,4.5,4.5,14.5,,1,0,0,0,0,0,0
271,"20,000 Years in Sing Sing",1932,78,null,7,274,4.5,4.5,4.5,4.5,4.5,14.5,14.5,14.5,14.5,24.5,,0,0,0,1,0,0,0
272,20-seiki nosutarujia,1997,93,null,3.7,14,24.5,0,0,0,14.5,14.5,24.5,0,0,24.5,,0,0,0,0,0,0,0
273,"20. Juli, Der",1955,97,null,8.6,18,4.5,0,0,0,4.5,0,14.5,34.5,4.5,34.5,,0,0,0,0,0,0,0
274,20/20 Vision,1999,20,null,1,5,64.5,0,0,0,24.5,24.5,0,0,0,0,,0,0,1,0,0,0,1
275,200 American,2003,84,null,5.4,62,14.5,4.5,4.5,4.5,14.5,4.5,14.5,14.5,4.5,4.5,,0,0,0,0,0,1,0
276,200 Cigarettes,1999,101,6000000,5.4,4514,4.5,4.5,4.5,4.5,14.5,24.5,14.5,14.5,4.5,4.5,R,0,0,1,1,0,0,0
277,200 Motels,1971,98,679000,5.2,338,4.5,4.5,4.5,4.5,4.5,4.5,14.5,14.5,14.5,34.5,,0,0,1,0,0,0,0
278,2000 Nordestes,2000,70,null,7.9,25,4.5,0,0,0,4.5,0,14.5,14.5,24.5,34.5,,0,0,0,0,1,0,0
279,2000 Years Later,1969,80,null,4.4,12,4.5,14.5,0,0,24.5,14.5,14.5,0,0,14.5,,0,0,1,0,0,0,0
280,20000 Leagues Under the Sea,1954,127,5000000,7.1,2741,4.5,4.5,4.5,4.5,4.5,14.5,24.5,24.5,14.5,14.5,,0,0,0,1,0,0,0
281,2001 Yonggary,1999,99,null,3.1,241,44.5,14.5,4.5,4.5,4.5,4.5,4.5,4.5,4.5,4.5,PG-13,1,0,0,0,0,0,0
282,2001: A Space Odyssey,1968,156,10500000,8.3,64982,4.5,4.5,4.5,4.5,4.5,4.5,4.5,14.5,14.5,34.5,,0,0,0,0,0,0,0
283,2001: A Space Travesty,2000,99,26000000,2.5,2023,44.5,14.5,14.5,4.5,4.5,4.5,4.5,4.5,4.5,4.5,R,0,0,1,0,0,0,0
284,2002: The Rape of Eden,1994,90,null,4,24,14.5,4.5,14.5,4.5,24.5,14.5,0,4.5,0,14.5,,1,0,1,1,0,0,0
285,2009: Lost Memories,2002,136,null,6.6,639,4.5,4.5,4.5,4.5,4.5,14.5,24.5,24.5,4.5,4.5,R,1,0,0,1,0,0,0
286,"201 Kanarinia, Ta",1964,96,null,7.1,6,0,0,0,0,0,34.5,0,45.5,0,14.5,,0,0,0,0,0,0,0
287,2010,1984,116,null,6.5,7300,4.5,4.5,4.5,4.5,4.5,14.5,24.5,24.5,4.5,4.5,,0,0,0,0,0,0,0
288,2010: The Odyssey Continues,1984,18,null,5.8,154,4.5,4.5,4.5,4.5,4.5,14.5,24.5,14.5,14.5,4.5,,0,0,0,0,1,0,1
289,2019 - Dopo la caduta di New York,1983,91,null,5.3,176,4.5,4.5,4.5,14.5,14.5,14.5,14.5,4.5,4.5,14.5,,1,0,0,0,0,0,0
290,203 kochi,1980,185,null,6.8,24,4.5,0,4.5,4.5,4.5,14.5,4.5,4.5,24.5,34.5,,0,0,0,1,0,0,0
291,2046,2004,129,12000000,7.6,2663,4.5,4.5,4.5,4.5,4.5,4.5,14.5,24.5,14.5,24.5,R,0,0,0,1,0,1,0
292,2069 A.D.,1969,75,null,5.3,8,0,0,0,0,34.5,34.5,0,24.5,0,0,,0,0,0,0,0,0,0
293,2084,1984,10,null,6.4,10,14.5,0,0,0,14.5,14.5,34.5,34.5,0,14.5,,0,0,0,0,1,0,1
294,20:30:40,2004,113,null,7.1,177,4.5,4.5,4.5,4.5,4.5,14.5,34.5,24.5,4.5,14.5,,0,0,1,1,0,1,0
295,20h17 rue Darling,2003,101,null,6.3,75,4.5,4.5,4.5,4.5,4.5,14.5,24.5,24.5,14.5,4.5,,0,0,0,1,0,0,0
296,21,2000,105,null,6,25,4.5,0,4.5,4.5,0,4.5,14.5,4.5,14.5,44.5,,0,0,1,1,0,1,0
297,21 Grams,2003,124,20000000,8,21857,4.5,4.5,4.5,4.5,4.5,4.5,14.5,24.5,24.5,14.5,R,0,0,0,1,0,0,0
298,21-87,1964,10,null,6.1,13,0,4.5,0,0,4.5,14.5,44.5,4.5,4.5,4.5,,0,0,0,0,0,0,1
299,2103: The Deadly Wake,1997,100,null,3.8,78,34.5,4.5,4.5,14.5,14.5,4.5,4.5,4.5,4.5,4.5,,0,0,0,0,0,0,0
300,21st Century Jet: The Building of the 777,1996,285,null,7.6,7,0,0,0,0,0,0,14.5,14.5,44.5,24.5,,0,0,0,0,1,0,0
301,22 June 1897,1979,121,null,6,11,4.5,0,0,0,4.5,4.5,4.5,4.5,24.5,24.5,,0,0,0,1,0,0,0
302,23,1998,100,null,7.2,1246,4.5,4.5,4.5,4.5,4.5,4.5,24.5,24.5,14.5,14.5,,0,0,0,1,0,0,0
303,23 -- Skidoo,1930,10,null,4.8,15,0,0,4.5,34.5,24.5,4.5,4.5,14.5,0,14.5,,0,0,1,0,0,0,1
304,23 Paces to Baker Street,1956,103,null,7,179,0,0,4.5,4.5,4.5,14.5,24.5,24.5,4.5,14.5,,0,0,0,0,0,0,0
305,237,2000,12,null,4.3,7,0,0,24.5,0,0,14.5,14.5,24.5,0,14.5,,0,0,0,0,0,0,1
306,23:58,1993,84,null,7,8,0,0,0,0,14.5,0,64.5,14.5,14.5,0,,0,0,0,0,0,0,0
307,23rd March 1931: Shaheed,2002,188,null,6.3,25,4.5,0,4.5,4.5,14.5,14.5,24.5,14.5,4.5,14.5,,0,0,0,0,0,0,0
308,24,2002,91,null,7.4,75,4.5,0,4.5,4.5,4.5,4.5,14.5,4.5,14.5,44.5,,0,0,0,1,0,0,0
309,24 7: Twenty Four Seven,1997,96,null,6.7,504,4.5,4.5,4.5,4.5,4.5,14.5,24.5,24.5,14.5,14.5,R,0,0,1,1,0,0,0
310,24 Hour Party People,2002,117,null,7.2,3603,4.5,4.5,4.5,4.5,4.5,14.5,24.5,24.5,14.5,14.5,R,0,0,1,1,0,0,0
311,"24 Hour Woman, The",1999,93,2500000,5.6,149,4.5,4.5,4.5,14.5,14.5,24.5,14.5,14.5,4.5,4.5,R,0,0,1,0,0,0,0
312,24 Hours,1931,66,null,7,11,0,0,0,14.5,0,4.5,14.5,24.5,24.5,0,,0,0,0,0,0,0,0
313,24 Hours in London,2000,90,null,3.8,242,24.5,14.5,4.5,4.5,4.5,4.5,4.5,4.5,4.5,14.5,R,0,0,0,0,0,0,0
314,24 Nights,1999,97,null,6.3,81,0,4.5,4.5,4.5,4.5,14.5,14.5,14.5,4.5,14.5,,0,0,1,0,0,0,0
315,24 chasa,2000,86,null,6,39,14.5,4.5,4.5,4.5,14.5,14.5,14.5,24.5,4.5,14.5,,0,0,0,1,0,0,0
316,24 heures de la vie d'une femme,2002,107,null,5.6,74,4.5,4.5,4.5,4.5,14.5,14.5,14.5,4.5,4.5,14.5,,0,0,0,1,0,0,0
317,24 heures ou plus...,1977,114,null,7.6,9,0,0,0,0,0,0,14.5,34.5,45.5,0,,0,0,0,0,0,0,0
318,24 horas de placer,1969,95,null,8.1,7,0,0,0,0,0,24.5,0,24.5,14.5,24.5,,0,0,1,0,0,0,0
319,24-Seven,1999,8,null,5.9,22,0,4.5,4.5,0,14.5,4.5,24.5,14.5,4.5,24.5,,0,0,1,0,0,0,1
320,24/24,2001,11,null,4.8,9,24.5,0,0,0,14.5,14.5,14.5,14.5,0,34.5,,0,0,0,0,0,0,1
321,24fps,2000,6,null,4.8,16,4.5,4.5,24.5,4.5,34.5,14.5,0,0,0,4.5,,0,0,0,0,0,0,1
322,"24th Day, The",2004,92,null,6.4,502,4.5,4.5,4.5,4.5,4.5,14.5,14.5,14.5,14.5,24.5,R,0,0,0,0,0,0,0
323,25 Kids and a Dad,2002,90,null,6.2,8,0,0,0,0,14.5,34.5,24.5,0,0,24.5,,0,0,0,0,0,0,0
324,25 Watts,2001,92,200000,7,275,4.5,4.5,4.5,4.5,4.5,14.5,24.5,14.5,14.5,24.5,,0,0,1,1,0,0,0
325,25 Ways to Quit Smoking,1989,5,null,7.2,114,4.5,4.5,4.5,4.5,14.5,14.5,14.5,14.5,14.5,14.5,,0,1,1,0,0,0,1
326,25th Hour,2002,135,15000000,7.8,15788,4.5,4.5,4.5,4.5,4.5,4.5,14.5,34.5,24.5,14.5,R,0,0,0,1,0,0,0
327,26 Summer Street,1996,17,null,4.7,20,14.5,0,0,0,24.5,0,0,4.5,0,64.5,,0,0,0,0,0,0,1
328,27 Down,1974,118,null,8.9,7,0,0,0,0,0,0,14.5,24.5,14.5,44.5,,0,0,0,0,0,0,0
329,27 Missing Kisses,2000,98,null,6.6,291,4.5,4.5,4.5,4.5,4.5,14.5,24.5,14.5,14.5,14.5,,0,0,1,1,0,1,0
330,27 horas,1986,81,null,5.2,38,4.5,0,0,4.5,24.5,24.5,24.5,4.5,4.5,14.5,,0,0,0,0,0,0,0
331,27A,1974,86,null,5,8,0,0,0,14.5,24.5,0,24.5,24.5,0,14.5,,0,0,0,1,0,0,0
332,"27th Day, The",1957,75,null,5.9,84,0,0,4.5,4.5,14.5,24.5,14.5,24.5,4.5,14.5,,0,0,0,0,0,0,0
333,28 Days,2000,103,43000000,6,7465,4.5,4.5,4.5,4.5,14.5,24.5,24.5,14.5,4.5,4.5,PG-13,0,0,0,1,0,0,0
334,28 Days Later...,2002,113,8000000,7.3,24174,4.5,4.5,4.5,4.5,4.5,14.5,24.5,24.5,14.5,14.5,R,0,0,0,0,0,0,0
335,28 minuti per 3 milioni di dollari,1967,90,null,3.9,6,0,14.5,0,0,14.5,14.5,14.5,0,0,34.5,,0,0,0,0,0,0,0
336,"28 oktovriou, ora 5:30",1971,90,null,6.2,5,0,0,0,0,44.5,24.5,24.5,24.5,0,0,,0,0,0,1,0,0,0
337,29 Palms,2002,93,null,4.7,406,4.5,4.5,4.5,14.5,24.5,14.5,14.5,4.5,4.5,4.5,R,0,0,1,1,0,0,0
338,29th Street,1991,101,null,6.9,436,4.5,4.5,4.5,4.5,4.5,14.5,14.5,24.5,14.5,24.5,,0,0,1,0,0,0,0
339,2BPerfectlyHonest,2004,88,null,7.3,17,0,0,4.5,14.5,14.5,14.5,4.5,14.5,14.5,24.5,R,0,0,1,1,0,0,0
340,2LDK,2002,70,null,7.3,381,4.5,4.5,4.5,4.5,4.5,14.5,14.5,24.5,14.5,14.5,,0,0,0,0,0,0,0
341,2by4,1998,90,null,6.4,44,0,4.5,4.5,4.5,4.5,34.5,14.5,4.5,14.5,4.5,,0,0,0,1,0,0,0
342,"2wks, 1yr",2002,104,null,9.4,5,0,0,0,0,0,0,0,24.5,24.5,64.5,,0,0,0,0,0,0,0
343,3,1971,86,null,6,14,44.5,24.5,0,0,0,0,4.5,24.5,0,0,,0,0,0,1,0,0,0
344,3 A.M.,1976,72,null,6.9,15,0,0,4.5,4.5,0,24.5,14.5,24.5,14.5,14.5,,0,0,0,0,0,0,0
345,3 A.M.,2001,88,null,5.9,243,4.5,4.5,4.5,4.5,14.5,14.5,14.5,14.5,4.5,14.5,,0,0,0,0,0,0,0
346,3 AM,2003,22,32000,4.8,11,4.5,0,0,4.5,14.5,4.5,14.5,4.5,14.5,4.5,,0,0,0,0,0,0,1
347,3 Bad Men,1926,122,null,5.6,64,14.5,4.5,4.5,4.5,4.5,4.5,14.5,14.5,14.5,14.5,,0,0,0,0,0,0,0
348,3 Chinesen mit dem Kontrabass,2000,88,null,6.5,120,4.5,4.5,4.5,4.5,4.5,14.5,24.5,24.5,24.5,4.5,,0,0,1,0,0,0,0
349,3 Days of Rain,2002,98,null,5.8,20,4.5,0,0,0,24.5,0,4.5,14.5,24.5,34.5,,0,0,0,1,0,0,0
350,3 Dumb Clucks,1937,17,null,7.1,80,4.5,4.5,0,4.5,4.5,14.5,24.5,14.5,4.5,24.5,,0,0,1,0,0,0,1
351,3 Feet Under: Digging Deep for the Geoduck,2003,63,null,7,15,0,0,0,0,0,0,24.5,24.5,14.5,44.5,,0,0,0,0,1,0,0
352,3 Godfathers,1948,106,null,6.9,779,4.5,4.5,4.5,4.5,4.5,14.5,24.5,24.5,14.5,14.5,,0,0,0,1,0,0,0
353,3 Little Ninjas and the Lost Treasure,1990,100,null,2.2,51,45.5,14.5,4.5,4.5,4.5,0,4.5,4.5,0,4.5,,0,0,0,0,0,0,0
354,3 Men and a Little Lady,1990,104,null,4.5,3066,4.5,4.5,14.5,14.5,24.5,14.5,14.5,4.5,4.5,4.5,,0,0,1,0,0,0,0
355,3 Minute Wonder,2000,3,null,4.3,6,0,0,14.5,34.5,0,45.5,0,0,0,0,,0,0,0,0,0,0,1
356,3 Misses,1998,11,null,7.2,23,4.5,0,0,4.5,0,4.5,24.5,34.5,4.5,14.5,,0,1,1,0,0,0,1
357,3 Ninjas,1992,98,null,4,1392,14.5,4.5,14.5,14.5,14.5,14.5,4.5,4.5,4.5,14.5,,1,0,1,0,0,0,0
358,3 Ninjas Kick Back,1994,93,null,3.5,565,14.5,4.5,14.5,14.5,14.5,14.5,4.5,4.5,4.5,14.5,,1,0,1,0,0,0,0
359,3 Ninjas Knuckle Up,1995,85,null,2.9,324,24.5,14.5,14.5,4.5,4.5,4.5,4.5,4.5,4.5,14.5,PG-13,1,0,1,0,0,0,0
360,3 Ninjas: High Noon at Mega Mountain,1998,93,null,2.2,744,45.5,14.5,4.5,4.5,4.5,4.5,4.5,4.5,4.5,4.5,PG,1,0,1,0,0,0,0
361,3 Nuts in Search of a Bolt,1964,78,null,5.2,16,0,4.5,4.5,24.5,14.5,14.5,14.5,4.5,0,14.5,,0,0,1,0,0,0,0
362,3 Ring Circus,1954,103,null,5.6,99,4.5,4.5,4.5,14.5,24.5,14.5,14.5,14.5,4.5,4.5,,0,0,1,0,0,0,0
363,3 Ring Wing-Ding,1968,6,null,6.3,9,14.5,0,24.5,0,0,14.5,24.5,0,14.5,24.5,,0,1,1,0,0,0,1
364,3 Strikes,2000,82,6000000,3.7,305,24.5,14.5,14.5,14.5,14.5,4.5,4.5,4.5,4.5,4.5,,0,0,1,0,0,0,0
365,3 Tage 44,2000,21,null,5,6,0,0,0,0,34.5,0,14.5,14.5,0,34.5,,0,0,0,0,0,0,1
366,3 Weeks After Paradise,2002,51,null,7,5,0,24.5,0,0,0,0,24.5,44.5,24.5,0,,0,0,0,0,0,0,0
367,3 Women,1977,124,1500000,7.7,912,4.5,4.5,4.5,4.5,4.5,4.5,14.5,14.5,14.5,24.5,,0,0,0,1,0,0,0
368,"3 Worlds of Gulliver, The",1960,100,null,6,215,4.5,4.5,4.5,4.5,14.5,24.5,24.5,14.5,4.5,4.5,,0,1,0,0,0,0,0
369,3 dev adam,1973,81,null,5.2,36,24.5,4.5,4.5,4.5,4.5,4.5,14.5,4.5,4.5,24.5,,1,0,0,0,0,0,0
370,3 hommes et un couffin,1985,106,null,6.6,537,4.5,4.5,4.5,4.5,4.5,14.5,24.5,24.5,4.5,4.5,,0,0,1,0,0,0,0
371,3 noches,2001,105,null,6.4,9,0,0,14.5,0,14.5,24.5,0,24.5,14.5,24.5,,0,0,0,0,0,0,0
372,3-4x juugatsu,1990,96,null,6.6,761,4.5,4.5,4.5,4.5,4.5,14.5,24.5,24.5,4.5,4.5,,1,0,1,0,0,0,0
373,3-Way,2004,88,null,4.6,177,4.5,4.5,14.5,14.5,24.5,14.5,4.5,4.5,4.5,4.5,R,0,0,0,1,0,0,0
374,30 Days,1999,87,null,4.2,31,14.5,4.5,14.5,24.5,4.5,4.5,0,4.5,4.5,24.5,,0,0,1,0,0,1,0
375,"30 Foot Bride of Candy Rock, The",1959,75,null,4.6,102,4.5,4.5,4.5,14.5,14.5,4.5,4.5,4.5,14.5,14.5,,0,0,1,0,0,0,0
376,30 Frames a Second: The WTO in Seattle,2000,73,null,5.4,7,14.5,14.5,0,0,14.5,14.5,14.5,14.5,14.5,0,,0,0,0,0,1,0,0
377,"30 Is a Dangerous Age, Cynthia",1968,85,null,4.8,32,4.5,4.5,4.5,14.5,34.5,14.5,4.5,14.5,0,4.5,,0,0,1,0,0,1,0
378,30 Winchester per El Diablo,1965,95,null,3.4,7,0,14.5,45.5,14.5,0,0,14.5,0,0,0,,0,0,0,0,0,0,0
379,30 Years of Fun,1963,85,null,6.7,15,14.5,0,0,24.5,4.5,0,24.5,4.5,4.5,24.5,,0,0,1,0,0,0,0
380,30 Years to Life,2001,110,null,5.1,42,4.5,0,4.5,4.5,4.5,4.5,24.5,14.5,4.5,24.5,R,0,0,1,1,0,1,0
381,30 ans,2000,105,null,5.8,14,0,0,4.5,14.5,14.5,34.5,24.5,4.5,0,0,,0,0,0,0,0,0,0
382,30 panen a Pythagoras,1977,68,null,2.5,8,34.5,14.5,0,0,24.5,0,14.5,0,0,14.5,,0,0,1,0,0,0,0
383,"30, Still Single: Contemplating Suicide",1998,91,null,7.1,26,4.5,0,0,4.5,0,14.5,4.5,4.5,14.5,34.5,,0,0,1,0,0,0,0
384,"300 Spartans, The",1962,114,null,6.4,548,4.5,4.5,4.5,4.5,4.5,4.5,14.5,14.5,14.5,34.5,,0,0,0,1,0,0,0
385,3000 Miles to Graceland,2001,125,62000000,5.4,7298,4.5,4.5,4.5,4.5,14.5,14.5,14.5,14.5,4.5,4.5,R,1,0,1,0,0,0,0
386,"301, 302",1995,100,null,6.8,275,4.5,4.5,4.5,4.5,4.5,14.5,24.5,24.5,14.5,14.5,,0,0,0,0,0,0,0
387,30:e november,1995,116,null,3.9,193,14.5,14.5,14.5,14.5,14.5,4.5,4.5,4.5,4.5,4.5,,0,0,0,1,0,0,0
388,31,2003,27,null,2.8,5,64.5,0,24.5,0,0,0,0,24.5,0,0,,0,0,0,0,0,0,1
389,"317e section, La",1965,86,null,8,73,0,0,4.5,4.5,4.5,4.5,14.5,14.5,24.5,34.5,,0,0,0,0,0,0,0
390,322,1969,95,null,6,9,0,0,0,0,14.5,14.5,14.5,14.5,24.5,34.5,,0,0,0,1,0,0,0
391,34-y skoryy,1981,83,null,7.3,8,0,0,0,14.5,14.5,0,14.5,14.5,0,45.5,,1,0,0,0,0,0,0
392,35 Aside,1995,27,null,6.6,40,0,4.5,0,0,0,4.5,4.5,14.5,24.5,44.5,,0,0,1,0,0,0,1
393,35 Miles from Normal,1997,99,null,6.6,21,4.5,0,4.5,0,4.5,4.5,4.5,14.5,4.5,34.5,,0,0,0,1,0,0,0
394,36 Chowringhee Lane,1981,122,null,7.7,41,4.5,4.5,0,0,4.5,4.5,4.5,24.5,34.5,14.5,,0,0,0,0,0,0,0
395,"36 Deadly Styles, The",1980,92,null,5.1,13,0,4.5,0,4.5,34.5,14.5,4.5,0,4.5,14.5,,0,0,0,0,0,0,0
396,36 Hours,1953,80,null,5.7,8,0,14.5,0,0,14.5,14.5,14.5,34.5,0,14.5,,0,0,0,1,0,0,0
397,36 Hours,1965,115,null,7.3,373,4.5,4.5,4.5,4.5,4.5,14.5,24.5,24.5,14.5,14.5,,0,0,0,0,0,0,0
398,36 fillette,1988,88,null,6,232,4.5,4.5,4.5,4.5,14.5,24.5,24.5,14.5,4.5,4.5,,0,0,0,1,0,1,0
399,36 ore all'inferno,1969,93,null,3.7,7,0,14.5,0,44.5,0,14.5,0,0,0,24.5,,1,0,0,0,0,0,0
400,365 Nights in Hollywood,1934,77,null,5.8,17,0,4.5,4.5,14.5,14.5,14.5,24.5,14.5,14.5,4.5,,0,0,1,0,0,0,0
401,36K,2000,83,null,7.8,12,4.5,0,4.5,4.5,0,0,0,4.5,24.5,44.5,,0,0,0,0,0,0,0
402,37 og et halvt,2005,101,null,5.6,27,14.5,4.5,4.5,4.5,4.5,14.5,4.5,14.5,14.5,4.5,,0,0,1,1,0,0,0
403,39 Pounds of Love,2005,70,null,7.6,7,14.5,14.5,0,0,0,0,0,0,0,74.5,,0,0,0,0,1,0,0
404,"39 Steps, The",1935,86,null,8,7931,4.5,4.5,4.5,4.5,4.5,4.5,14.5,24.5,24.5,14.5,,0,0,0,1,0,0,0
405,"39 Steps, The",1959,93,null,6.6,223,4.5,4.5,4.5,4.5,4.5,14.5,24.5,24.5,4.5,14.5,,0,0,0,1,0,0,0
406,3:10 to Yuma,1957,92,null,7.7,526,4.5,4.5,4.5,4.5,4.5,4.5,24.5,34.5,14.5,14.5,,0,0,0,0,0,0,0
407,3:15,1986,86,null,4.5,94,14.5,4.5,4.5,24.5,14.5,14.5,4.5,4.5,4.5,4.5,,1,0,0,1,0,0,0
408,3:am,2005,21,null,8.8,9,14.5,0,0,0,0,0,0,14.5,0,74.5,,0,0,0,0,0,0,1
409,3D,2000,24,null,6,5,24.5,0,0,0,24.5,64.5,0,0,0,0,,0,0,0,0,0,0,1
410,3azima,2003,5,null,5,6,0,0,0,14.5,14.5,0,0,0,0,64.5,,0,0,0,1,0,0,1
411,"3groschenoper, Die",1931,112,null,6.9,147,4.5,4.5,4.5,4.5,4.5,14.5,14.5,14.5,14.5,24.5,,0,0,0,0,0,0,0
412,"3rd Voice, The",1960,79,null,7.3,20,0,0,4.5,0,4.5,14.5,14.5,34.5,0,24.5,,0,0,0,1,0,0,0
413,4,2004,126,null,6.3,30,4.5,0,4.5,14.5,4.5,14.5,14.5,24.5,14.5,14.5,,0,0,0,1,0,0,0
414,4 Artists Paint 1 Tree: A Walt Disney 'Adventure in Art',1964,16,null,6.9,10,0,0,0,0,0,34.5,34.5,14.5,0,34.5,,0,0,0,0,1,0,1
415,4 Clowns,1970,97,null,7.9,35,0,0,0,0,4.5,14.5,4.5,24.5,24.5,24.5,,0,0,1,0,0,0,0
416,4 Devils,1928,97,null,8.7,9,0,0,0,0,0,0,14.5,34.5,14.5,44.5,,0,0,0,1,0,0,0
417,4 Freunde und 4 Pfoten,2003,76,null,5.1,11,0,4.5,4.5,0,4.5,4.5,34.5,4.5,0,14.5,,0,0,0,0,0,0,0
418,4 Inyong shiktak,2003,123,null,5.7,156,4.5,4.5,4.5,4.5,14.5,14.5,14.5,4.5,4.5,24.5,,0,0,0,1,0,0,0
419,4 Little Girls,1997,102,null,7.5,463,4.5,4.5,4.5,4.5,4.5,4.5,14.5,24.5,14.5,24.5,,0,0,0,0,1,0,0
420,4 P.M.,2000,15,null,5.5,21,0,14.5,4.5,4.5,4.5,4.5,24.5,4.5,4.5,14.5,,0,0,0,1,0,0,1
421,4 Second Delay,1998,26,null,6.1,12,34.5,0,0,0,14.5,0,14.5,14.5,4.5,4.5,,0,0,0,1,0,0,1
422,4 a.m.: Open All Night,1999,15,null,6,17,4.5,14.5,4.5,0,0,14.5,24.5,24.5,4.5,4.5,,0,0,0,0,0,0,1
423,4 aventures de Reinette et Mirabelle,1987,99,null,7.6,167,4.5,4.5,4.5,4.5,4.5,14.5,14.5,24.5,14.5,24.5,,0,0,1,1,0,0,0
424,4 for Texas,1963,124,null,5.3,399,4.5,4.5,4.5,14.5,14.5,34.5,14.5,4.5,4.5,4.5,,0,0,1,0,0,0,0
425,4 maneras de tapar un hoyo,1995,8,null,8.2,12,0,0,0,0,4.5,4.5,14.5,0,45.5,4.5,,0,1,0,0,0,0,1
426,4 marmittoni alle grandi manovre,1974,90,null,3.7,6,0,14.5,14.5,0,34.5,14.5,14.5,0,0,0,,0,0,1,0,0,0,0
427,4 mosche di velluto grigio,1971,104,null,6.3,251,4.5,4.5,4.5,4.5,4.5,14.5,14.5,14.5,14.5,14.5,,0,0,0,0,0,0,0
428,"4 saisons d'Espigoule, Les",1999,97,null,6.5,65,0,0,4.5,4.5,4.5,4.5,24.5,14.5,14.5,24.5,,0,0,1,0,1,0,0
429,4 x 4,1965,105,null,5.6,8,14.5,0,14.5,0,0,24.5,14.5,24.5,0,14.5,,0,0,0,1,0,0,0
430,40,2002,12,null,5.7,12,4.5,0,0,0,14.5,4.5,4.5,14.5,4.5,34.5,,0,0,0,0,0,0,1
431,40 Carats,1973,110,null,6,104,4.5,4.5,4.5,4.5,24.5,14.5,14.5,14.5,4.5,14.5,,0,0,1,0,0,0,0
432,40 Days and 40 Nights,2002,96,17000000,5.4,8609,4.5,4.5,4.5,4.5,14.5,24.5,24.5,4.5,4.5,4.5,R,0,0,1,1,0,1,0
433,40 Days of Musa Dagh,1982,143,null,7.5,16,14.5,0,4.5,0,0,0,14.5,0,14.5,45.5,,0,0,0,1,0,0,0
434,40 Guns to Apache Pass,1967,95,null,5.8,60,4.5,4.5,4.5,4.5,14.5,34.5,14.5,4.5,4.5,14.5,,0,0,0,0,0,1,0
435,40 Pounds of Trouble,1962,106,null,6.3,126,4.5,4.5,4.5,4.5,14.5,14.5,14.5,14.5,4.5,14.5,,0,0,1,0,0,0,0
436,40 Quadratmeter Deutschland,1986,80,null,7.3,15,4.5,0,0,0,0,0,24.5,34.5,24.5,24.5,,0,0,0,1,0,0,0
437,40 gradi all'ombra del lenzuolo,1976,100,null,4.7,34,0,14.5,4.5,24.5,24.5,24.5,4.5,4.5,0,4.5,,0,0,1,0,0,0,0
438,40 grados a la sombra,1967,90,null,5.5,6,0,0,0,14.5,14.5,14.5,0,14.5,0,34.5,,0,0,1,0,0,0,0
439,"40,000 Horsemen",1941,100,null,6.9,20,4.5,0,0,4.5,0,24.5,24.5,24.5,4.5,24.5,,0,0,0,0,0,0,0
440,"400 Million, The",1939,52,null,5,10,0,0,14.5,0,45.5,14.5,14.5,0,0,24.5,,0,0,0,0,1,0,0
441,405,2000,11,null,6.9,250,4.5,4.5,4.5,4.5,4.5,4.5,24.5,24.5,14.5,14.5,,1,0,1,0,0,0,1
442,420,2004,116,null,8.3,6,0,0,14.5,0,0,0,0,0,45.5,34.5,,0,0,1,0,0,0,0
443,42K,2000,90,null,5.1,25,4.5,4.5,0,14.5,4.5,0,24.5,24.5,4.5,24.5,,1,0,1,0,0,0,0
444,42nd Street,1933,89,439000,7.5,1247,4.5,4.5,4.5,4.5,4.5,14.5,14.5,24.5,14.5,14.5,,0,0,0,1,0,1,0
445,"42nd. Street Special, The",1933,6,null,6.2,11,0,0,0,0,4.5,14.5,64.5,4.5,0,0,,0,0,0,0,1,0,1
446,43: The Richard Petty Story,1974,83,null,6.4,18,4.5,4.5,4.5,14.5,4.5,24.5,14.5,4.5,0,24.5,,0,0,0,1,0,0,0
447,47 morto che parla,1950,95,null,7.6,21,0,0,0,4.5,4.5,4.5,34.5,14.5,14.5,14.5,,0,0,1,0,0,0,0
448,48 Hrs.,1982,96,null,6.8,8742,4.5,4.5,4.5,4.5,4.5,24.5,34.5,14.5,4.5,4.5,,1,0,1,1,0,0,0
449,48 Stunden bis Acapulco,1967,81,null,4.3,5,24.5,0,0,0,44.5,44.5,0,0,0,0,,0,0,0,0,0,0,0
450,491,1964,88,null,6.2,38,4.5,4.5,4.5,4.5,4.5,14.5,24.5,4.5,4.5,14.5,,0,0,0,1,0,0,0
451,"49th Man, The",1953,73,null,6.2,17,0,0,4.5,14.5,14.5,24.5,24.5,4.5,4.5,4.5,,0,0,0,1,0,0,0
452,49th Parallel,1941,104,null,7.7,395,4.5,4.5,4.5,4.5,4.5,4.5,24.5,34.5,14.5,14.5,,0,0,0,1,0,0,0
453,4D Man,1959,85,null,5.2,192,4.5,4.5,4.5,14.5,14.5,14.5,14.5,4.5,4.5,14.5,,1,0,0,0,0,1,0
454,"4th Floor, The",1999,90,null,5.7,1088,4.5,4.5,4.5,4.5,14.5,24.5,24.5,4.5,4.5,4.5,R,0,0,0,0,0,0,0
455,"4th Tenor, The",2002,97,null,4.2,71,4.5,4.5,4.5,14.5,14.5,4.5,4.5,4.5,4.5,24.5,PG-13,0,0,1,0,0,1,0
456,5 Against the House,1955,84,null,6.2,49,0,4.5,4.5,14.5,14.5,24.5,24.5,14.5,0,4.5,,0,0,0,1,0,0,0
457,5 Branded Women,1960,118,null,5.2,53,4.5,0,4.5,14.5,4.5,14.5,14.5,14.5,4.5,14.5,,0,0,0,1,0,0,0
458,5 Card Stud,1968,105,null,6.2,457,4.5,4.5,4.5,4.5,14.5,14.5,34.5,14.5,4.5,4.5,,0,0,0,0,0,0,0
459,5 Card Stud,2002,96,null,8.3,7,14.5,0,0,0,0,0,0,14.5,14.5,45.5,,0,0,0,0,0,1,0
460,5 Dark Souls,1996,94,1500,7.3,11,14.5,0,0,4.5,0,0,4.5,4.5,4.5,44.5,,1,0,0,0,0,0,0
461,5 Dead on the Crimson Canvas,1996,96,25000,2,24,14.5,4.5,0,0,4.5,0,4.5,14.5,24.5,24.5,,0,0,0,0,0,0,0
462,5 Fingers,1952,108,null,7.6,392,4.5,4.5,4.5,4.5,4.5,4.5,24.5,34.5,24.5,14.5,,0,0,0,1,0,0,0
463,5 Millionen suchen einen Erben,1938,85,null,6.5,22,0,0,4.5,0,4.5,14.5,44.5,14.5,4.5,4.5,,0,0,1,0,0,0,0
464,5 Steps to Danger,1957,81,null,5.6,24,0,0,0,4.5,14.5,44.5,14.5,14.5,0,4.5,,0,0,0,1,0,0,0
465,5 bambole per la luna d'agosto,1970,90,null,5.5,145,4.5,4.5,4.5,4.5,14.5,14.5,24.5,4.5,4.5,14.5,,0,0,0,0,0,0,0
466,5 de chocolate y 1 de fresa,1968,85,null,4.3,12,24.5,4.5,0,0,14.5,0,4.5,0,4.5,34.5,,0,0,1,0,0,0,0
467,5 donne per l'assassino,1974,95,null,3.7,7,0,14.5,0,14.5,0,44.5,0,0,14.5,14.5,,0,0,0,0,0,0,0
468,"5 i fedtefadet, De",1970,90,null,5.4,21,0,0,14.5,14.5,34.5,0,14.5,0,4.5,14.5,,0,0,0,0,0,0,0
469,"5 og spionerne, De",1969,81,null,4.6,18,14.5,0,4.5,24.5,24.5,14.5,4.5,4.5,0,4.5,,0,0,0,0,0,0,0
470,5 tombe per un medium,1965,85,null,4.8,34,4.5,4.5,4.5,4.5,14.5,14.5,14.5,4.5,14.5,4.5,,0,0,0,0,0,0,0
471,"5,000 Fingers of Dr. T., The",1953,89,1600000,6.7,699,4.5,4.5,4.5,4.5,4.5,14.5,14.5,14.5,14.5,24.5,,0,0,0,0,0,0,0
472,50 First Dates,2004,99,75000000,6.8,13497,4.5,4.5,4.5,4.5,4.5,14.5,24.5,24.5,4.5,14.5,PG-13,0,0,1,0,0,1,0
473,50 Ways to Leave Your Lover,2004,95,null,6.8,22,14.5,4.5,0,4.5,0,4.5,14.5,4.5,14.5,34.5,,0,0,1,0,0,1,0
474,"50,000 B.C. (Before Clothing)",1963,75,null,3.4,15,24.5,24.5,4.5,0,4.5,14.5,4.5,4.5,0,14.5,,0,0,1,0,0,0,0
475,50/50,1982,87,null,4,7,14.5,0,24.5,24.5,14.5,0,0,0,0,14.5,,0,0,0,1,0,0,0
476,500 Years Later,2005,106,null,9.3,17,4.5,0,0,0,0,0,0,0,14.5,74.5,,0,0,0,0,1,0,0
477,500!,2001,92,null,6.4,14,4.5,0,0,4.5,0,4.5,0,0,14.5,64.5,,0,0,1,0,0,0,0
478,50CC,2000,41,null,5.9,7,0,0,14.5,0,14.5,24.5,14.5,14.5,0,14.5,,1,0,0,0,0,1,1
479,51 Bar,1985,95,null,8.7,5,0,0,0,24.5,0,0,0,24.5,64.5,0,,0,0,0,1,0,0,0
480,"51st State, The",2001,92,28000000,6.1,6752,4.5,4.5,4.5,4.5,14.5,24.5,24.5,14.5,4.5,4.5,R,1,0,1,0,0,0,0
481,52 Pick-Up,1986,110,null,5.9,609,4.5,4.5,4.5,4.5,14.5,24.5,14.5,14.5,4.5,4.5,,1,0,0,0,0,0,0
482,52nd Street,1937,80,null,7,5,0,0,0,0,0,24.5,64.5,0,0,24.5,,0,0,0,1,0,0,0
483,54,1998,100,13000000,5.4,6905,4.5,4.5,4.5,14.5,14.5,24.5,14.5,4.5,4.5,4.5,R,0,0,0,1,0,0,0
484,55 Days at Peking,1963,150,17000000,6.6,700,4.5,4.5,4.5,4.5,4.5,14.5,34.5,14.5,4.5,4.5,,0,0,0,1,0,0,0
485,588 rue paradis,1993,130,null,7.9,56,4.5,4.5,4.5,0,4.5,4.5,14.5,14.5,14.5,45.5,,0,0,0,0,0,0,0
486,5th Ave Girl,1939,83,null,6.6,112,0,0,4.5,4.5,4.5,14.5,24.5,24.5,4.5,14.5,,0,0,1,0,0,0,0
487,5th World,2005,75,null,5.2,11,14.5,14.5,0,14.5,4.5,0,0,4.5,0,24.5,,0,0,0,1,0,0,0
488,5x2,2004,90,null,6.6,691,4.5,4.5,4.5,4.5,4.5,14.5,24.5,14.5,4.5,4.5,R,0,0,0,1,0,1,0
489,6 Day Bike Rider,1934,69,null,6.7,107,0,4.5,4.5,4.5,4.5,4.5,4.5,4.5,14.5,45.5,,0,0,1,0,0,0,0
490,6 Miles of 8 Feet,1999,22,null,7.9,8,0,0,0,0,34.5,0,0,14.5,0,45.5,,0,0,0,0,0,0,1
491,6 Points,2004,85,null,4.3,56,14.5,4.5,4.5,14.5,14.5,14.5,14.5,4.5,0,14.5,,0,0,0,1,0,0,0
492,6 dni strusia,2001,100,null,5.1,9,0,14.5,14.5,0,24.5,14.5,24.5,24.5,0,0,,0,0,0,0,0,0,0
493,6.5 Special,1958,85,null,4,6,14.5,0,0,34.5,0,0,0,45.5,0,0,,0,0,0,0,0,0,0
494,6000 Enemies,1939,62,null,6.5,11,0,0,4.5,0,14.5,45.5,14.5,0,0,0,,0,0,0,0,0,0,0
495,633 Squadron,1964,103,null,6.2,367,4.5,4.5,4.5,4.5,14.5,24.5,24.5,14.5,4.5,4.5,,0,0,0,1,0,0,0
496,"64,000,000 Years Ago",1981,11,null,6.7,7,0,0,0,0,14.5,14.5,74.5,0,0,0,,0,1,0,0,0,0,1
497,"65, 66 och jag",1936,89,null,5.3,21,0,0,14.5,14.5,14.5,4.5,14.5,4.5,0,14.5,,0,0,1,0,0,0,0
498,66 scener fra Amerika,1982,43,null,5.3,13,4.5,0,0,4.5,24.5,4.5,14.5,14.5,4.5,14.5,,0,0,0,0,1,0,1
499,666 mo gui fu huo,1996,100,null,5.3,54,4.5,4.5,4.5,4.5,14.5,24.5,14.5,14.5,0,4.5,,1,0,0,0,0,0,0
500,681-0638,2001,90,null,7.1,7,0,0,14.5,0,0,14.5,14.5,44.5,0,14.5,,0,0,1,1,0,0,0
501,69,1968,5,null,5.1,5,24.5,0,0,24.5,0,64.5,0,0,0,0,,0,0,0,0,0,0,1
502,69 - Sixtynine,1969,98,null,5.8,5,0,24.5,0,0,0,44.5,24.5,24.5,0,0,,0,0,0,1,0,0,0
503,69 Park Avenue,1985,90,null,6.1,5,0,24.5,0,0,0,44.5,24.5,24.5,0,0,,0,0,0,0,0,0,0
504,6ix,1999,11,null,5.5,30,4.5,4.5,4.5,4.5,4.5,14.5,14.5,14.5,4.5,34.5,,0,0,1,0,0,0,1
505,"6th Day, The",2000,123,82000000,5.9,12064,4.5,4.5,4.5,4.5,14.5,24.5,24.5,14.5,4.5,4.5,PG-13,1,0,0,0,0,0,0
506,7 Days In September,2002,94,null,7.9,33,4.5,0,0,0,14.5,4.5,14.5,34.5,24.5,4.5,,0,0,0,0,1,0,0
507,7 Faces of Dr. Lao,1964,100,null,6.9,646,4.5,4.5,4.5,4.5,4.5,14.5,24.5,14.5,14.5,24.5,,0,0,0,0,0,0,0
508,7 Lucky Ninja Kids,1989,90,null,4.8,19,24.5,4.5,0,4.5,14.5,14.5,14.5,0,4.5,24.5,,1,0,1,0,0,0,0
509,7 Star Grand Mantis,1983,85,null,3.1,7,24.5,14.5,0,14.5,0,0,44.5,0,0,0,,1,0,1,0,0,0,0
510,7 Wise Dwarfs,1941,4,null,6,35,0,0,4.5,4.5,14.5,34.5,24.5,4.5,0,4.5,,0,1,0,0,0,0,1
511,7 Women,1966,87,null,6.2,225,4.5,4.5,4.5,4.5,14.5,14.5,24.5,14.5,4.5,14.5,,0,0,0,1,0,0,0
512,7 Year Zig Zag,2003,90,null,6,6,14.5,14.5,0,0,0,34.5,14.5,0,0,14.5,,0,0,0,1,0,0,0
513,7 Zwerge,2004,95,null,5,439,4.5,4.5,4.5,4.5,14.5,14.5,14.5,4.5,4.5,4.5,,0,0,1,0,0,0,0
514,7 ans de mariage,2003,97,null,6.3,148,4.5,4.5,4.5,4.5,14.5,24.5,34.5,14.5,4.5,4.5,,0,0,1,0,0,0,0
515,7 fois... par jour,1971,98,null,3.4,16,34.5,14.5,14.5,4.5,14.5,14.5,4.5,0,0,4.5,,0,0,1,0,0,0,0
516,7 jin gong,1994,90,null,5.4,67,4.5,0,4.5,4.5,4.5,34.5,14.5,4.5,4.5,14.5,,1,0,0,0,0,0,0
517,7 pra-jan-barn,2002,110,null,4.8,15,0,0,24.5,14.5,4.5,14.5,14.5,14.5,0,24.5,,1,0,1,0,0,0,0
518,"7, Hyden Park: la casa maledetta",1985,96,null,4.7,16,4.5,0,14.5,4.5,44.5,14.5,14.5,0,4.5,0,,0,0,0,1,0,0,0
519,71 Fragmente einer Chronologie des Zufalls,1994,95,null,6.6,176,4.5,4.5,4.5,4.5,4.5,14.5,14.5,14.5,14.5,14.5,,0,0,0,1,0,0,0
520,711 Ocean Drive,1950,102,null,7,48,0,0,0,4.5,4.5,14.5,24.5,34.5,4.5,4.5,,0,0,0,1,0,0,0
521,72 Desperate Rebels,1972,93,null,3.3,8,14.5,0,14.5,0,24.5,14.5,14.5,14.5,0,14.5,,1,0,0,1,0,0,0
522,72 Faced Liar,2003,15,null,7,6,0,0,0,34.5,0,0,45.5,14.5,0,0,,0,0,0,0,0,0,1
523,72 metra,2004,100,1600000,6,147,4.5,4.5,4.5,4.5,4.5,14.5,14.5,14.5,14.5,14.5,,1,0,0,1,0,0,0
524,7337,2000,17,null,3.9,28,14.5,0,4.5,0,4.5,4.5,24.5,4.5,4.5,24.5,,0,0,0,0,0,0,1
525,76-89-03,2000,85,null,6.6,75,4.5,4.5,0,4.5,4.5,4.5,34.5,14.5,4.5,24.5,,0,0,1,0,0,0,0
526,78 Tours,1985,4,null,7.9,10,0,0,14.5,0,14.5,14.5,14.5,34.5,24.5,14.5,,0,1,0,0,0,0,1
527,79 primaveras,1969,25,null,6.2,5,0,0,0,0,24.5,0,24.5,24.5,24.5,24.5,,0,0,0,0,1,0,1
528,7th Cavalry,1956,75,null,6.3,84,4.5,4.5,4.5,4.5,14.5,34.5,24.5,4.5,4.5,4.5,,0,0,0,0,0,0,0
529,"7th Dawn, The",1964,123,null,5.3,64,0,4.5,14.5,4.5,4.5,4.5,14.5,24.5,4.5,14.5,,0,0,0,1,0,0,0
530,7th Street,2003,72,null,7,42,0,0,0,0,4.5,4.5,44.5,24.5,14.5,4.5,,0,0,0,0,1,0,0
531,"7th Voyage of Sinbad, The",1958,88,650000,6.9,1224,4.5,4.5,4.5,4.5,4.5,14.5,24.5,24.5,4.5,14.5,,1,0,0,0,0,0,0
532,8 Ball Bunny,1950,7,null,7.4,90,4.5,0,4.5,4.5,4.5,14.5,24.5,34.5,4.5,14.5,,0,1,1,0,0,0,1
533,8 Heads in a Duffel Bag,1997,94,null,4.8,2076,4.5,4.5,4.5,14.5,14.5,14.5,14.5,4.5,4.5,4.5,R,0,0,1,0,0,0,0
534,8 Mile,2002,110,41000000,6.8,17900,4.5,4.5,4.5,4.5,4.5,14.5,24.5,24.5,4.5,14.5,R,0,0,0,1,0,0,0
535,8 Million Ways to Die,1986,115,null,4.9,642,4.5,4.5,4.5,14.5,14.5,14.5,14.5,4.5,4.5,4.5,,1,0,0,0,0,0,0
536,8 Seconds,1994,105,null,5.9,747,4.5,4.5,4.5,4.5,14.5,14.5,14.5,14.5,4.5,24.5,,0,0,0,1,0,0,0
537,8 femmes,2002,111,null,7.1,5503,4.5,4.5,4.5,4.5,4.5,14.5,24.5,24.5,14.5,14.5,R,0,0,1,0,0,0,0
538,8 to 4,1981,77,null,5.8,32,0,4.5,4.5,4.5,14.5,4.5,34.5,14.5,0,14.5,,0,0,1,0,0,0,0
539,8-A,1993,84,null,6.9,14,0,0,4.5,0,0,24.5,24.5,24.5,4.5,4.5,,0,0,0,0,0,0,0
540,80 Steps to Jonah,1969,107,null,5.1,57,4.5,4.5,4.5,4.5,14.5,4.5,4.5,14.5,14.5,34.5,,0,0,0,1,0,0,0
541,80's Ending,2003,9,10000,8.3,15,0,0,0,0,4.5,4.5,4.5,34.5,24.5,24.5,,0,0,1,0,0,0,1
542,"80,000 Suspects",1963,113,null,5.5,35,4.5,0,4.5,14.5,14.5,24.5,4.5,14.5,4.5,14.5,,0,0,0,1,0,0,0
543,800 Fantasy Lane,1979,82,null,5.1,30,14.5,0,0,4.5,14.5,14.5,4.5,14.5,4.5,34.5,,0,0,0,0,0,0,0
544,800 Two Lap Runners,1994,110,null,4.7,13,4.5,0,4.5,0,14.5,14.5,14.5,24.5,4.5,4.5,,0,0,0,0,0,0,0
545,800 balas,2002,124,null,6.5,404,4.5,4.5,4.5,4.5,4.5,14.5,24.5,14.5,14.5,14.5,R,0,0,1,0,0,0,0
546,84 Charing Cross Road,1987,100,null,7.3,1172,4.5,4.5,4.5,4.5,4.5,4.5,14.5,24.5,14.5,24.5,,0,0,0,1,0,1,0
547,84C MoPic,1989,95,null,6.9,284,4.5,4.5,4.5,4.5,4.5,4.5,14.5,14.5,24.5,24.5,,0,0,0,0,0,0,0
548,88 Antop Hill,2003,119,null,4.1,8,24.5,0,24.5,24.5,0,14.5,0,14.5,0,0,,0,0,0,0,0,0,0
549,89 mm od Europy,1994,12,null,7.8,12,0,0,0,0,4.5,14.5,4.5,14.5,4.5,44.5,,0,0,0,0,1,0,1
550,8MM,1999,123,40000000,5.9,18541,4.5,4.5,4.5,4.5,14.5,14.5,24.5,14.5,4.5,4.5,R,0,0,0,0,0,0,0
551,8cht,1997,7,null,3.7,11,14.5,4.5,0,0,34.5,0,0,0,0,34.5,,0,0,0,0,0,0,1
552,9 Mornings,2002,100,null,6.2,9,14.5,0,0,0,0,34.5,0,34.5,14.5,14.5,,0,0,0,0,0,1,0
553,9 Songs,2004,71,null,5.2,464,14.5,4.5,4.5,4.5,14.5,14.5,4.5,14.5,4.5,4.5,,0,0,0,1,0,1,0
554,9 Souls,2003,120,null,7.5,100,0,4.5,4.5,4.5,4.5,14.5,14.5,24.5,14.5,24.5,,0,0,0,1,0,0,0
555,9 dney odnogo goda,1961,120,null,7.8,39,4.5,0,0,4.5,4.5,4.5,14.5,14.5,14.5,44.5,,0,0,0,1,0,0,0
556,9/30/55,1977,101,null,6.7,56,4.5,4.5,4.5,14.5,14.5,14.5,14.5,14.5,4.5,14.5,,0,0,0,1,0,0,0
557,9/64: O Tannenbaum,1964,3,null,8.2,6,0,0,0,0,0,0,34.5,14.5,0,45.5,,0,0,0,0,0,0,1
558,90,2005,14,4000,9.1,10,0,14.5,0,0,0,0,0,0,14.5,84.5,,0,0,0,0,0,0,1
559,90 Day Wondering,1956,6,null,7.1,13,0,0,14.5,4.5,0,4.5,14.5,14.5,14.5,24.5,,0,1,0,0,0,0,1
560,90 Days,1985,100,null,5.8,17,4.5,0,0,4.5,0,24.5,14.5,24.5,14.5,4.5,,0,0,0,0,0,0,0
561,90 Miles,2001,75,null,7.4,5,0,0,0,0,24.5,24.5,0,44.5,0,24.5,,0,0,0,0,1,0,0
562,900 Women,2001,72,null,5.1,8,45.5,0,0,0,0,0,0,14.5,14.5,24.5,,0,0,0,0,1,0,0
563,901: After 45 Years of Working,1990,29,null,7.1,8,0,14.5,0,0,0,14.5,45.5,24.5,0,0,,0,0,0,0,1,0,1
564,91:an Karlsson muckar (tror han),1959,90,null,4.5,6,14.5,0,34.5,0,34.5,0,0,14.5,0,0,,0,0,1,0,0,0,0
565,91:an Karlssons bravader,1951,88,null,3.6,7,14.5,24.5,0,24.5,14.5,0,0,0,0,14.5,,0,0,1,0,0,0,0
566,91:an och generalernas fnatt,1977,101,null,2.3,14,45.5,4.5,14.5,14.5,4.5,0,0,0,0,4.5,,0,0,1,0,0,0,0
567,92 hak mooi gwai dui hak mooi gwai,1992,100,null,5.9,32,4.5,0,4.5,4.5,4.5,24.5,14.5,4.5,4.5,24.5,,1,0,1,0,0,1,0
568,92 in the Shade,1975,93,null,5.9,56,4.5,0,4.5,4.5,4.5,14.5,14.5,14.5,14.5,14.5,,0,0,1,1,0,0,0
569,9413,1998,90,null,6.3,12,14.5,0,0,4.5,4.5,14.5,14.5,24.5,0,4.5,,1,0,0,0,0,0,0
570,964 Pinocchio,1991,93,null,5.7,82,14.5,4.5,4.5,4.5,4.5,14.5,4.5,14.5,4.5,14.5,,0,0,0,0,0,0,0
571,97 ga yau choi si,1997,90,null,4.7,59,4.5,4.5,4.5,14.5,14.5,14.5,24.5,4.5,4.5,14.5,,0,0,1,0,0,0,0
572,976-EVIL,1989,100,null,3.6,495,14.5,14.5,14.5,14.5,14.5,14.5,4.5,4.5,4.5,4.5,,0,0,0,0,0,0,0
573,976-EVIL 2: The Astral Factor,1991,93,null,2.9,162,24.5,14.5,14.5,14.5,14.5,4.5,4.5,4.5,4.5,4.5,,0,0,0,0,0,0,0
574,976-WISH,1997,42,null,1.8,17,14.5,0,4.5,0,4.5,0,14.5,0,14.5,44.5,,0,0,1,0,0,1,1
575,99 Euro Films,2002,79,null,6.1,53,4.5,4.5,4.5,4.5,4.5,14.5,24.5,4.5,4.5,14.5,,0,0,0,1,0,0,0
576,99 River Street,1953,83,null,7,102,4.5,4.5,4.5,4.5,4.5,4.5,34.5,24.5,14.5,4.5,,0,0,0,1,0,0,0
577,99 Threadwaxing,1998,13,null,4,7,14.5,14.5,0,0,14.5,0,0,24.5,14.5,14.5,,0,0,0,1,0,0,1
578,99 mujeres,1969,108,null,5.6,62,4.5,4.5,4.5,4.5,14.5,14.5,14.5,4.5,4.5,14.5,,1,0,0,1,0,0,0
579,99.9,1997,106,null,6.3,78,4.5,0,0,4.5,24.5,24.5,24.5,14.5,4.5,4.5,,0,0,0,0,0,0,0
580,999 Aliza Mizrahi,1967,104,null,7.1,12,4.5,0,0,0,0,4.5,14.5,24.5,0,44.5,,0,0,1,1,0,0,0
581,999-9999,2002,103,null,5.8,42,0,4.5,4.5,14.5,14.5,24.5,24.5,4.5,4.5,4.5,,0,0,0,0,0,0,0
582,9:30,2004,13,12000,7.1,11,4.5,0,0,14.5,0,4.5,0,14.5,4.5,34.5,,0,0,0,0,0,0,1
583,9mm of Love,2000,10,null,6.7,27,4.5,0,0,0,4.5,24.5,24.5,14.5,14.5,14.5,,0,0,1,0,0,1,1
584,A,1998,136,null,5.1,18,24.5,4.5,0,4.5,4.5,4.5,4.5,14.5,14.5,14.5,,0,0,0,0,1,0,0
585,A,2002,60,null,2.3,11,74.5,4.5,0,0,4.5,0,0,0,0,4.5,,0,0,0,0,1,0,0
586,A & P,1996,17,null,5.6,26,4.5,4.5,0,0,14.5,24.5,24.5,4.5,14.5,4.5,,0,0,0,1,0,0,1
587,A + (Amas),2004,104,null,5.2,17,4.5,14.5,4.5,0,4.5,14.5,4.5,14.5,14.5,24.5,,0,0,1,0,0,0,0
588,"A 008, operazione Sterminio",1965,84,null,6.1,7,0,0,14.5,24.5,0,24.5,0,0,0,24.5,,1,0,0,0,0,0,0
589,A 11-a porunca,1991,144,null,6.2,11,0,0,0,0,0,14.5,0,4.5,4.5,64.5,,0,0,0,1,0,0,0
590,A Banna,1980,90,null,7,5,0,0,0,44.5,0,0,24.5,0,0,44.5,,0,0,0,0,0,0,0
591,A Fei jing juen,1991,94,null,7.5,986,4.5,4.5,4.5,4.5,4.5,4.5,14.5,24.5,14.5,24.5,,0,0,0,1,0,0,0
592,A Hunting We Will Go,1932,8,null,6.3,20,4.5,0,4.5,14.5,14.5,24.5,14.5,14.5,24.5,4.5,,0,1,1,0,0,0,1
593,A Is for Atom,1953,14,null,6.1,6,0,0,0,0,34.5,14.5,34.5,14.5,0,0,,0,0,0,1,0,0,1
594,A byl li Karotin,1989,161,null,3.9,6,34.5,0,0,0,0,34.5,0,14.5,0,14.5,,0,0,1,0,0,0,0
595,A cavallo della tigre,1961,104,null,5.9,21,0,4.5,0,24.5,0,4.5,24.5,24.5,4.5,4.5,,0,0,1,0,0,0,0
596,A cavallo della tigre,2002,98,null,5.3,17,0,0,0,14.5,24.5,14.5,24.5,0,14.5,0,,0,0,1,0,0,0,0
597,A ciascuno il suo,1967,99,null,6.4,52,0,0,4.5,0,14.5,14.5,24.5,14.5,4.5,24.5,,0,0,0,1,0,0,0
598,A ciegas,1997,92,null,4.7,49,14.5,4.5,14.5,4.5,24.5,14.5,4.5,4.5,4.5,14.5,,0,0,0,0,0,0,0
599,A doppia faccia,1969,88,null,4.9,43,4.5,4.5,4.5,4.5,24.5,14.5,14.5,14.5,4.5,4.5,,0,0,0,0,0,0,0
600,A esli eto lyubov?,1961,102,null,7.3,8,0,0,0,0,0,14.5,24.5,24.5,14.5,24.5,,0,0,0,1,0,0,0
601,A futura memoria: Pier Paolo Pasolini,1986,115,null,6.6,7,14.5,0,0,0,0,0,24.5,14.5,24.5,14.5,,0,0,0,0,1,0,0
602,A galope tendido,2000,87,null,5.6,10,0,0,14.5,0,24.5,24.5,14.5,0,0,44.5,,0,0,1,0,0,0,0
603,A la medianoche y media,1999,90,null,5.9,34,4.5,0,4.5,14.5,4.5,14.5,24.5,14.5,4.5,4.5,,0,0,0,1,0,0,0
604,A los cirujanos se les va la mano,1980,90,null,5.3,14,4.5,0,0,0,24.5,24.5,4.5,14.5,4.5,14.5,,0,0,1,0,0,0,0
605,A los que aman,1998,98,null,7.3,93,4.5,4.5,4.5,4.5,4.5,4.5,14.5,34.5,24.5,4.5,,0,0,0,1,0,1,0
606,A mezzanotte va la ronda del piacere,1975,100,null,5.6,27,4.5,4.5,4.5,4.5,14.5,14.5,4.5,24.5,4.5,4.5,,0,0,1,1,0,0,0
607,A mi madre le gustan las mujeres,2002,96,null,6.3,296,4.5,4.5,4.5,4.5,14.5,14.5,34.5,14.5,4.5,4.5,,0,0,1,0,0,0,0
608,A ruota libera,2000,89,null,3.6,25,44.5,0,14.5,14.5,4.5,24.5,0,0,0,0,,0,0,1,0,0,0,0
609,A sega nakade?,1988,93,null,7.4,14,0,0,0,0,4.5,4.5,4.5,24.5,24.5,24.5,,0,0,0,1,0,0,0
610,A spasso nel tempo,1996,94,null,3.5,49,45.5,4.5,4.5,14.5,4.5,4.5,4.5,0,0,4.5,,0,0,1,0,0,0,0
611,A spasso nel tempo: l'avventura continua,1997,95,null,2.7,26,45.5,4.5,14.5,4.5,14.5,0,0,0,0,4.5,,0,0,1,0,0,0,0
612,A tiro limpio,1963,86,null,5.8,8,14.5,0,14.5,14.5,0,14.5,34.5,14.5,0,0,,0,0,0,0,0,0,0
613,A tiro limpio,1996,87,null,6.7,16,0,0,14.5,14.5,14.5,24.5,4.5,24.5,4.5,0,,0,0,0,0,0,0,0
614,A tu per tu,1984,102,null,4.5,18,14.5,4.5,14.5,0,24.5,24.5,14.5,0,0,14.5,,0,0,1,0,0,0,0
615,A un dios desconocido,1977,104,null,6.7,15,0,0,0,4.5,4.5,14.5,4.5,34.5,24.5,14.5,,0,0,0,1,0,0,0
616,A zori zdes tikhie,1972,188,null,8.6,137,0,0,4.5,0,4.5,4.5,4.5,14.5,24.5,45.5,,1,0,0,0,0,0,0
617,A+ Pollux,2002,90,null,6.3,53,4.5,0,4.5,4.5,4.5,24.5,34.5,14.5,4.5,14.5,,0,0,0,0,0,1,0
618,"A, B, C... Manhattan",1997,90,null,6.3,36,4.5,4.5,4.5,4.5,0,4.5,24.5,14.5,14.5,24.5,,0,0,0,1,0,0,0
619,A-Ducking They Did Go,1939,17,null,8,89,4.5,4.5,4.5,0,4.5,4.5,24.5,24.5,14.5,24.5,,0,0,1,0,0,0,1
620,A-Haunting We Will Go,1942,68,null,5.6,81,4.5,4.5,4.5,4.5,14.5,24.5,14.5,4.5,4.5,14.5,,0,0,1,0,0,0,0
621,A-Haunting We Will Go,1966,6,null,6,29,4.5,0,4.5,0,4.5,34.5,24.5,14.5,14.5,4.5,,0,1,1,0,0,0,1
622,A-Lad-In Bagdad,1938,8,null,5.6,11,0,0,0,14.5,34.5,4.5,34.5,0,0,0,,0,1,1,0,0,0,1
623,A-Lad-in His Lamp,1948,7,null,7.9,52,4.5,0,0,4.5,4.5,14.5,14.5,14.5,14.5,34.5,,0,1,1,0,0,0,1
624,"A-Tom-inable Snowman, The",1966,6,null,5,26,4.5,14.5,4.5,14.5,14.5,4.5,14.5,4.5,0,14.5,,0,1,1,0,0,0,1
625,A-ge-man,1990,114,null,6.3,22,4.5,0,4.5,0,4.5,24.5,4.5,34.5,4.5,4.5,,0,0,0,0,0,0,0
626,"A.B. normal college (Todo na 'yan, kulang pa 'yun)",2003,115,null,3.8,6,34.5,0,0,34.5,14.5,0,0,14.5,0,0,,0,0,1,0,0,0,0
627,A.D.3 operazione squalo bianco,1966,82,null,1.2,5,64.5,0,24.5,0,0,0,0,24.5,0,0,,1,0,0,0,0,0,0
628,A.D.A.M.,1988,98,null,5.9,27,14.5,4.5,4.5,14.5,24.5,14.5,14.5,4.5,4.5,14.5,,0,0,1,0,0,0,0
629,A.K.,1985,71,null,7.7,60,0,0,4.5,4.5,4.5,14.5,24.5,24.5,24.5,14.5,,0,0,0,0,1,0,0
630,A.K.A. Birdseye,2002,90,null,5.5,27,14.5,0,0,4.5,4.5,14.5,14.5,4.5,4.5,24.5,,0,0,1,0,0,0,0
631,A.K.A. Don Bonus,1995,65,null,8.2,9,14.5,0,0,0,0,14.5,0,14.5,14.5,45.5,,0,0,0,0,1,0,0
632,A.N.I. 1240,2003,13,8000,5.9,9,14.5,14.5,0,0,0,24.5,34.5,0,14.5,14.5,,0,0,0,0,0,0,1
633,A.P.E.X.,1994,98,null,4.3,207,14.5,4.5,14.5,14.5,14.5,14.5,4.5,4.5,4.5,4.5,,0,0,0,0,0,0,0
634,A.S.S.,1988,80,null,6.1,9,0,0,14.5,0,0,0,24.5,34.5,0,34.5,,0,0,0,0,0,0,0
635,A.W.O.L.,1918,5,null,5.3,23,4.5,0,4.5,14.5,4.5,24.5,24.5,0,4.5,0,,0,1,1,0,0,0,1
636,A.k.a. Cassius Clay,1970,85,null,5.7,43,4.5,0,4.5,14.5,4.5,24.5,14.5,14.5,4.5,14.5,PG,0,0,0,0,1,0,0
637,A/R andata+ritorno,2004,86,null,6,79,0,4.5,0,4.5,14.5,4.5,34.5,14.5,4.5,14.5,,0,0,1,0,0,0,0
638,A2,2001,131,null,8.8,5,0,0,0,0,0,0,24.5,24.5,24.5,44.5,,0,0,0,0,0,0,0
639,ABBA: The Movie,1977,96,null,6.1,613,4.5,4.5,4.5,4.5,4.5,14.5,14.5,14.5,4.5,34.5,,0,0,0,0,1,0,0
640,ABC Africa,2001,83,null,6.5,90,0,4.5,4.5,4.5,4.5,24.5,14.5,24.5,14.5,14.5,,0,0,0,0,1,0,0
641,"ABC of Love and Sex: Australia Style, The",1978,85,null,3.7,5,0,24.5,0,24.5,64.5,0,0,0,0,0,,0,0,1,0,1,0,0
642,"ABC's of Happiness, The",2001,5,null,3.3,17,24.5,14.5,0,0,0,14.5,4.5,4.5,0,24.5,,0,1,0,0,0,0,1
643,"ABC's of Sex Education for Trainable Persons, The",1975,20,null,6.6,37,34.5,0,0,4.5,14.5,4.5,0,4.5,0,34.5,,0,0,0,0,1,0,1
644,ABCD,1999,105,200000,5.4,88,4.5,4.5,4.5,4.5,14.5,14.5,4.5,14.5,14.5,24.5,,0,0,0,1,0,0,0
645,AC/DC: Let There Be Rock,1980,95,null,8.5,159,4.5,4.5,4.5,4.5,4.5,4.5,4.5,14.5,14.5,45.5,,0,0,0,0,0,0,0
646,AFI's 100 Years... 100 Movies: The Antiheroes,1998,60,null,4,19,34.5,0,0,4.5,0,4.5,14.5,4.5,4.5,34.5,,0,0,0,0,1,0,0
647,AKA,2002,123,null,6,335,24.5,4.5,4.5,4.5,4.5,4.5,14.5,14.5,4.5,14.5,R,0,0,0,1,0,0,0
648,AVP: Alien Vs. Predator,2004,102,45000000,5.4,14651,4.5,4.5,4.5,4.5,14.5,14.5,14.5,4.5,4.5,4.5,PG-13,1,0,0,0,0,0,0
649,Aa Ab Laut Chalen,1999,178,null,5.5,73,4.5,0,4.5,4.5,4.5,4.5,14.5,24.5,4.5,14.5,,0,0,0,1,0,1,0
650,Aa Gale Lag Jaa,1973,148,null,8.1,10,0,0,0,0,0,14.5,0,44.5,0,45.5,,0,0,0,0,0,1,0
651,Aa Okkati Adakku,1993,155,null,8.4,5,0,0,0,0,0,0,24.5,44.5,24.5,24.5,,0,0,1,0,0,0,0
652,"Aab, baad, khaak",1989,75,null,5.4,22,0,14.5,0,0,4.5,4.5,14.5,14.5,4.5,34.5,,0,0,0,0,0,0,0
653,Aadmi,1968,175,null,8.2,15,0,0,0,0,14.5,0,4.5,44.5,34.5,4.5,,0,0,0,0,0,1,0
654,Aag,1948,138,null,6.5,31,4.5,0,0,0,4.5,4.5,24.5,24.5,4.5,24.5,,0,0,0,0,0,1,0
655,Aah,1953,150,null,6.7,25,4.5,0,0,4.5,0,0,24.5,4.5,14.5,44.5,,0,0,0,1,0,1,0
656,Aakhree Raasta,1986,164,null,8.2,46,0,4.5,0,4.5,0,4.5,24.5,14.5,14.5,34.5,,1,0,0,0,0,0,0
657,Aakrosh,1980,144,null,7.9,31,0,0,0,0,0,4.5,14.5,4.5,4.5,64.5,,0,0,0,0,0,0,0
658,Aaltra,2004,92,null,6.8,219,4.5,4.5,4.5,4.5,4.5,4.5,24.5,24.5,14.5,14.5,,0,0,1,0,0,0,0
659,Aamdani Atthanni Kharcha Rupaiya,2001,150,null,5.2,12,14.5,0,0,0,14.5,4.5,4.5,24.5,0,24.5,,0,0,1,0,0,0,0
660,Aan,1952,101,null,7.1,13,0,0,0,0,0,4.5,14.5,4.5,14.5,45.5,,0,0,0,0,0,1,0
661,Aan: Men at Work,2004,149,null,4.8,20,14.5,4.5,14.5,4.5,24.5,14.5,24.5,14.5,0,14.5,,1,0,0,1,0,0,0
662,Aandhi,1975,133,null,7,35,0,0,0,0,4.5,14.5,14.5,14.5,24.5,24.5,,0,0,0,1,0,0,0
663,Aankhen,1993,170,null,5.4,22,4.5,0,4.5,0,14.5,4.5,4.5,14.5,24.5,24.5,,0,0,1,0,0,0,0
664,Aankhen,2002,165,null,6.8,134,4.5,0,4.5,4.5,4.5,14.5,24.5,14.5,14.5,14.5,,0,0,1,1,0,0,0
665,"Aanslag, De",1986,144,null,7.3,532,4.5,4.5,4.5,4.5,4.5,4.5,24.5,34.5,14.5,4.5,,0,0,0,1,0,0,0
666,"Aanspreker, De",1999,26,null,6.2,5,24.5,0,0,0,0,0,44.5,44.5,0,0,,0,0,0,1,0,0,1
667,Aap Ki Kasam,1974,153,null,6.6,20,0,0,14.5,0,4.5,14.5,14.5,44.5,14.5,14.5,,0,0,0,1,0,1,0
668,Aapathbandavudu,1992,173,null,9.2,5,0,0,0,0,0,0,0,24.5,44.5,44.5,,0,0,0,1,0,0,0
669,Aapo,1994,55,null,5,26,4.5,4.5,0,14.5,4.5,14.5,14.5,14.5,14.5,4.5,,0,0,0,1,0,0,0
670,Aar Paar,1954,146,null,7.2,31,0,4.5,0,4.5,4.5,4.5,14.5,24.5,14.5,24.5,,0,0,0,0,0,1,0
671,"Aardwolf, De",1984,74,null,2.2,5,44.5,0,0,24.5,0,0,0,24.5,24.5,0,,0,0,0,1,0,0,0
672,Aaron Cohen's Debt,1999,96,null,5.6,16,4.5,0,4.5,14.5,0,4.5,4.5,14.5,14.5,24.5,,0,0,0,1,0,0,0
673,Aaron Loves Angela,1975,99,null,5.7,23,4.5,4.5,0,4.5,24.5,14.5,24.5,4.5,4.5,4.5,,0,0,0,1,0,1,0
674,Aaron Slick from Punkin Crick,1952,95,null,5.3,33,14.5,4.5,4.5,14.5,14.5,14.5,14.5,4.5,4.5,4.5,,0,0,0,0,0,0,0
675,Aashiq,2001,160,null,3.7,11,0,24.5,4.5,4.5,0,4.5,4.5,14.5,0,14.5,,1,0,1,1,0,0,0
676,Aashiqui,1990,152,null,5.6,18,0,4.5,0,0,24.5,24.5,14.5,4.5,0,24.5,,0,0,0,1,0,1,0
677,Aashirwad,1968,146,null,8.6,11,0,0,0,0,14.5,0,0,14.5,14.5,44.5,,0,0,0,1,0,0,0
678,Aatish,1994,155,null,8.6,16,0,0,4.5,0,4.5,0,4.5,14.5,34.5,34.5,,1,0,0,0,0,0,0
679,Aau chin,1999,93,null,7.1,690,4.5,4.5,4.5,4.5,4.5,4.5,14.5,24.5,14.5,24.5,,1,0,0,1,0,0,0
680,Aau chin 2,2001,95,null,5.9,138,4.5,4.5,4.5,14.5,14.5,24.5,24.5,14.5,4.5,4.5,,1,0,0,0,0,0,0
681,Aau dut,1997,81,null,7.1,230,4.5,4.5,4.5,4.5,4.5,4.5,14.5,14.5,24.5,24.5,,1,0,0,1,0,0,0
682,Aau fung yee,2000,82,null,4.4,5,0,0,24.5,44.5,24.5,24.5,0,0,0,0,,0,0,0,0,0,0,0
683,Ab ins Paradies,2001,90,null,7.9,5,0,0,0,0,0,0,64.5,44.5,0,0,,0,0,1,0,0,0,0
684,Ab morgen sind wir reich und ehrlich,1976,82,null,4.6,5,24.5,0,0,24.5,44.5,0,24.5,0,0,0,,0,0,0,0,0,0,0
685,Ab nach Tibet!,1994,128,null,2.7,6,45.5,0,0,0,0,14.5,0,34.5,0,0,,0,0,0,0,0,0,0
686,Abade qingren,1995,115,null,5.6,10,14.5,0,0,24.5,0,0,0,34.5,14.5,34.5,,0,0,0,0,0,0,0
687,"Abajo firmantes, Los",2003,90,null,6.2,23,24.5,0,4.5,0,0,4.5,14.5,34.5,4.5,14.5,,0,0,1,1,0,0,0
688,Abandon,2002,99,25000000,4.7,2364,4.5,4.5,4.5,14.5,14.5,14.5,14.5,4.5,4.5,4.5,PG-13,0,0,0,1,0,0,0
689,"Abandonadas, Las",1945,103,null,6.2,8,0,0,14.5,0,0,14.5,34.5,14.5,0,24.5,,0,0,0,1,0,0,0
690,Abandoned,1949,78,null,6.3,16,4.5,0,0,14.5,4.5,34.5,14.5,24.5,4.5,0,,0,0,0,0,0,0,0
691,Abar Aranye,2003,123,null,5.5,15,14.5,24.5,0,0,24.5,14.5,14.5,0,4.5,4.5,,0,0,0,1,0,0,0
692,Abashiri Bangaichi,1965,92,null,5.5,5,0,0,0,0,24.5,24.5,24.5,44.5,0,0,,0,0,0,1,0,0,0
693,Abba Ganuv,1988,95,null,5.5,17,14.5,0,4.5,14.5,0,14.5,14.5,4.5,4.5,24.5,,0,0,1,1,0,0,0
694,Abba Ganuv II,1989,85,null,2.2,7,44.5,14.5,0,24.5,0,0,0,0,0,14.5,,0,0,1,1,0,0,0
695,Abba Ganuv III,1991,88,null,2.1,9,44.5,0,14.5,14.5,0,0,14.5,0,0,24.5,,0,0,0,1,0,0,0
696,Abbasso la ricchezza!,1946,90,null,7,7,0,0,0,14.5,0,14.5,44.5,0,14.5,14.5,,0,0,0,1,0,0,0
697,Abbiamo solo fatto l'amore,1998,80,null,3.9,12,4.5,4.5,0,14.5,4.5,34.5,24.5,0,0,0,,0,0,1,0,0,0,0
698,Abbott and Costello Go to Mars,1953,81,754000,5.2,455,4.5,4.5,4.5,14.5,14.5,14.5,14.5,14.5,14.5,14.5,,0,0,1,0,0,0,0
699,Abbott and Costello Meet Captain Kidd,1952,75,450000,5.3,255,4.5,4.5,4.5,14.5,14.5,14.5,14.5,14.5,14.5,14.5,,0,0,1,0,0,0,0
700,Abbott and Costello Meet Dr. Jekyll and Mr. Hyde,1953,80,null,6,522,4.5,4.5,4.5,4.5,14.5,24.5,14.5,14.5,14.5,14.5,,0,0,1,0,0,0,0
701,Abbott and Costello Meet the Invisible Man,1951,86,null,6.2,573,4.5,4.5,4.5,4.5,14.5,24.5,24.5,14.5,14.5,14.5,,0,0,1,0,0,0,0
702,Abbott and Costello Meet the Keystone Kops,1955,85,null,5.7,252,4.5,4.5,4.5,4.5,14.5,14.5,14.5,14.5,14.5,14.5,,0,0,1,0,0,0,0
703,"Abbott and Costello Meet the Killer, Boris Karloff",1949,88,null,6,466,4.5,4.5,4.5,4.5,14.5,24.5,14.5,14.5,14.5,14.5,,0,0,1,0,0,0,0
704,Abbott and Costello Meet the Mummy,1955,83,null,5.7,627,4.5,4.5,4.5,4.5,14.5,24.5,14.5,4.5,4.5,14.5,,0,0,1,0,0,0,0
705,Abbott and Costello in Hollywood,1945,85,null,5.7,288,4.5,4.5,4.5,4.5,14.5,14.5,14.5,14.5,14.5,14.5,,0,0,1,0,0,0,0
706,Abbott and Costello in the Foreign Legion,1950,85,null,5.7,417,4.5,4.5,4.5,4.5,14.5,24.5,14.5,14.5,14.5,14.5,,0,0,1,0,0,0,0
707,Abbronzatissimi,1991,96,null,5,29,24.5,4.5,14.5,14.5,14.5,14.5,4.5,4.5,0,14.5,,0,0,1,0,0,0,0
708,Abbronzatissimi 2 - un anno dopo,1993,105,null,4.2,18,24.5,4.5,4.5,4.5,34.5,14.5,0,0,4.5,4.5,,0,0,0,0,0,0,0
709,Abbuzze! Der Badesalz Film,1996,95,null,5.8,191,14.5,4.5,4.5,4.5,4.5,14.5,14.5,4.5,4.5,24.5,,0,0,1,0,0,0,0
710,Abby,1974,89,400000,5.9,75,4.5,4.5,4.5,4.5,14.5,14.5,14.5,14.5,4.5,14.5,,0,0,0,0,0,0,0
711,Abby Singer,2003,79,1500,3.5,39,14.5,4.5,4.5,4.5,4.5,4.5,4.5,4.5,4.5,45.5,,0,0,0,0,0,0,0
712,"Abdication, The",1974,103,null,5.7,52,4.5,4.5,4.5,4.5,14.5,14.5,14.5,14.5,4.5,14.5,,0,0,0,1,0,0,0
713,Abducted,1986,87,null,4.9,73,14.5,4.5,4.5,4.5,24.5,4.5,24.5,0,4.5,4.5,,0,0,0,1,0,0,0
714,Abducted,1994,2,null,3.2,7,14.5,14.5,24.5,0,0,24.5,14.5,0,0,0,,0,1,0,0,0,0,1
715,Abducted II: The Reunion,1994,92,null,3.1,64,24.5,14.5,4.5,4.5,4.5,4.5,4.5,0,4.5,24.5,,1,0,0,0,0,0,0
716,Abduction,1975,95,null,4.4,38,4.5,4.5,4.5,14.5,24.5,14.5,4.5,4.5,4.5,24.5,,0,0,0,1,0,0,0
717,"Abduction Club, The",2002,96,null,6.2,212,4.5,4.5,4.5,4.5,4.5,14.5,14.5,4.5,4.5,34.5,,0,0,1,1,0,1,0
718,Abduction of Figaro,1984,144,null,9.1,22,0,0,0,0,0,0,0,14.5,4.5,84.5,,0,0,1,0,0,0,0
719,"Abductors, The",1957,80,null,3.9,8,14.5,14.5,14.5,14.5,24.5,0,0,0,0,24.5,,0,0,0,0,0,0,0
720,"Abductors, The",1972,91,null,4,83,14.5,4.5,14.5,4.5,4.5,4.5,14.5,4.5,4.5,24.5,,1,0,0,1,0,0,0
721,Abdulla the Great,1955,103,null,4.5,7,0,14.5,14.5,24.5,24.5,14.5,0,0,0,0,,0,0,1,0,0,0,0
722,"Abdulladzhan, ili posvyashchaetsya Stivenu Spilbergu",1991,89,null,5.9,24,14.5,4.5,0,0,4.5,4.5,4.5,4.5,14.5,34.5,,0,0,1,0,0,0,0
723,Abe Lincoln in Illinois,1940,110,null,7.6,226,4.5,4.5,0,4.5,4.5,4.5,24.5,24.5,4.5,14.5,,0,0,0,1,0,0,0
724,Abe Lincoln: Freedom Fighter,1978,54,null,1.6,7,44.5,14.5,0,0,24.5,0,0,0,0,14.5,,0,0,0,0,0,0,0
725,Abe's Manhood,2000,15,null,5,16,0,0,14.5,14.5,14.5,24.5,4.5,4.5,14.5,4.5,,0,0,0,0,0,0,1
726,Abel,1986,100,null,7.9,336,4.5,0,4.5,4.5,4.5,4.5,14.5,24.5,34.5,24.5,,0,0,1,0,0,0,0
727,Abel Ferrara: Not Guilty,2003,85,null,6.5,10,0,0,14.5,14.5,0,34.5,24.5,14.5,14.5,14.5,,0,0,0,0,1,0,0
728,Abel Raises Cain,2005,82,null,7.8,13,0,0,0,0,0,0,4.5,44.5,0,44.5,,0,0,0,0,1,0,0
729,Abendland,1999,146,null,5,46,14.5,4.5,4.5,4.5,4.5,4.5,14.5,14.5,4.5,24.5,R,0,0,0,0,0,0,0
730,"Abenteuer des Grafen Bobby, Die",1961,90,null,3,24,44.5,4.5,4.5,0,4.5,4.5,14.5,4.5,0,0,,0,0,1,0,0,0,0
731,"Abenteuer des Prinzen Achmed, Die",1926,66,null,8.4,169,4.5,4.5,0,4.5,4.5,4.5,4.5,14.5,24.5,44.5,,0,1,0,0,0,1,0
732,"Abenteuer des Werner Holt, Die",1965,158,null,8.3,42,4.5,0,0,0,0,4.5,14.5,14.5,24.5,34.5,,0,0,0,1,0,1,0
733,Abenteuer eines Sommers,1973,83,null,3,5,0,0,64.5,0,24.5,0,0,0,0,24.5,,0,0,0,0,0,0,0
734,Abeoji,1997,113,null,3.2,5,64.5,0,0,0,0,24.5,24.5,0,0,0,,0,0,0,0,0,0,0
735,Aberdeen,2000,106,6500000,7.3,644,4.5,4.5,4.5,4.5,4.5,4.5,24.5,34.5,14.5,14.5,,0,0,0,1,0,0,0
736,Aberration,1997,93,null,4.8,149,14.5,4.5,4.5,14.5,14.5,14.5,14.5,4.5,4.5,4.5,R,0,0,0,0,0,0,0
737,"Abfahrer, Die",1978,97,null,4.6,20,14.5,4.5,0,0,14.5,14.5,24.5,14.5,14.5,14.5,,0,0,1,0,0,0,0
738,Abgefahren,2004,86,null,4.5,93,4.5,14.5,4.5,14.5,14.5,14.5,4.5,4.5,4.5,14.5,,1,0,1,0,0,0,0
739,Abgeschminkt!,1993,55,null,6.7,291,4.5,4.5,4.5,4.5,4.5,14.5,14.5,24.5,14.5,14.5,,0,0,1,0,0,1,0
740,Abhijaan,1962,150,null,6.3,28,4.5,0,0,4.5,0,24.5,0,24.5,34.5,14.5,,0,0,0,1,0,0,0
741,Abie's Irish Rose,1946,96,null,3.2,17,24.5,14.5,4.5,4.5,4.5,14.5,0,14.5,0,14.5,,0,0,1,1,0,0,0
742,Abilene,1999,104,null,4.9,42,0,4.5,4.5,4.5,14.5,14.5,4.5,4.5,24.5,24.5,PG,0,0,0,1,0,0,0
743,Abilene Town,1946,89,null,6.4,102,0,0,4.5,4.5,14.5,24.5,34.5,14.5,4.5,4.5,,0,0,0,0,0,0,0
744,"Abismos da Meia-Noite, Os",1984,105,null,4.4,10,34.5,0,0,0,24.5,0,24.5,0,0,34.5,,0,0,0,0,0,0,0
745,Abissinia,1993,87,null,5,17,0,0,14.5,4.5,14.5,24.5,4.5,14.5,4.5,4.5,,0,0,0,0,0,0,0
746,Abjad,2003,109,null,6.6,39,0,0,0,4.5,4.5,24.5,24.5,24.5,14.5,4.5,,0,0,0,1,0,1,0
747,Ablaze,2001,97,null,3.6,98,24.5,14.5,14.5,14.5,4.5,4.5,4.5,4.5,4.5,14.5,R,1,0,0,1,0,0,0
748,Able Edwards,2004,87,30000,6.2,24,14.5,4.5,4.5,0,0,14.5,14.5,14.5,24.5,14.5,,0,0,0,1,0,0,0
749,"Able's House Is Green, The",2003,13,6800,9.4,5,0,0,0,0,0,0,0,24.5,24.5,64.5,,0,0,0,1,0,0,1
750,Abnormal Man,1994,117,null,1.7,12,64.5,4.5,0,0,4.5,0,0,0,0,14.5,,0,0,0,0,0,0,0
751,"Abominable Dr. Phibes, The",1971,94,null,6.7,1547,4.5,4.5,4.5,4.5,4.5,14.5,24.5,24.5,4.5,14.5,PG-13,0,0,0,0,0,0,0
752,"Abominable Snow Rabbit, The",1961,7,null,6.9,97,4.5,4.5,0,4.5,4.5,14.5,24.5,24.5,4.5,14.5,,0,1,1,0,0,0,1
753,"Abominable Snowman, The",1957,85,null,6,351,4.5,4.5,4.5,4.5,4.5,14.5,24.5,14.5,4.5,4.5,,0,0,0,0,0,0,0
754,"Abominable homme des douanes, L'",1963,86,null,3.8,6,0,14.5,14.5,45.5,0,0,0,0,0,14.5,,0,0,0,0,0,0,0
755,"Abomination, The",1986,100,null,2.4,132,64.5,14.5,4.5,4.5,4.5,4.5,4.5,4.5,4.5,4.5,,0,0,0,0,0,0,0
756,Abot kamay ang pangarap,1996,100,null,8.4,5,0,0,0,0,0,0,44.5,0,44.5,24.5,,0,0,0,1,0,0,0
757,Abouna,2002,84,null,6.5,81,0,0,0,4.5,4.5,34.5,24.5,14.5,4.5,4.5,,0,0,0,1,0,0,0
758,About Adam,2000,105,null,6.4,1303,4.5,4.5,4.5,4.5,4.5,14.5,24.5,14.5,4.5,4.5,R,0,0,1,0,0,1,0
759,About Face,1952,94,null,5,27,0,0,4.5,14.5,34.5,14.5,4.5,4.5,14.5,4.5,,0,0,1,0,0,0,0
760,About Last Night...,1986,113,null,5.9,3017,4.5,4.5,4.5,4.5,14.5,24.5,14.5,14.5,4.5,4.5,,0,0,1,1,0,1,0
761,About Mrs. Leslie,1954,104,null,6.5,77,4.5,0,4.5,4.5,4.5,14.5,14.5,34.5,4.5,14.5,,0,0,0,1,0,1,0
762,About Schmidt,2002,125,30000000,7.3,23279,4.5,4.5,4.5,4.5,4.5,14.5,24.5,24.5,14.5,4.5,R,0,0,1,1,0,0,0
763,About a Boy,2002,101,27000000,7.5,18318,4.5,4.5,4.5,4.5,4.5,4.5,24.5,34.5,14.5,14.5,PG-13,0,0,1,1,0,0,0
764,About a Girl,2001,9,null,7.6,41,0,0,4.5,4.5,4.5,14.5,24.5,24.5,14.5,4.5,,0,0,0,0,0,0,1
765,Above Freezing,1998,85,null,5,45,4.5,4.5,4.5,4.5,4.5,4.5,14.5,24.5,14.5,4.5,,0,0,0,1,0,0,0
766,Above Suspicion,1943,90,null,6.6,224,4.5,0,4.5,4.5,14.5,24.5,34.5,14.5,4.5,4.5,,0,0,0,1,0,0,0
767,Above Suspicion,1995,95,null,6.4,394,4.5,4.5,4.5,4.5,14.5,14.5,24.5,24.5,4.5,4.5,R,0,0,0,1,0,0,0
768,Above Suspicion,2000,92,null,5.8,128,4.5,4.5,4.5,4.5,14.5,34.5,14.5,4.5,4.5,14.5,R,0,0,0,1,0,0,0
769,Above Us the Waves,1955,92,null,6.7,134,0,4.5,4.5,4.5,14.5,14.5,24.5,24.5,4.5,4.5,,0,0,0,1,0,0,0
770,Above and Beyond,1952,122,null,6.6,119,4.5,0,0,4.5,4.5,14.5,34.5,24.5,4.5,4.5,,1,0,0,1,0,0,0
771,Above and Beyond,2001,91,null,4.3,35,14.5,4.5,14.5,24.5,14.5,0,4.5,4.5,0,14.5,,0,0,0,1,0,1,0
772,Above the Dust Level,1999,9,null,6.5,47,0,4.5,4.5,14.5,4.5,4.5,4.5,4.5,14.5,34.5,,0,0,1,0,0,0,1
773,Above the Law,1988,93,null,5.2,3126,4.5,4.5,4.5,14.5,14.5,24.5,14.5,4.5,4.5,4.5,,1,0,0,1,0,0,0
774,Above the Rim,1994,96,null,5.8,1065,4.5,4.5,4.5,4.5,14.5,14.5,24.5,14.5,4.5,14.5,,0,0,0,1,0,0,0
775,Abracadabra,1993,78,null,6.8,13,0,14.5,0,0,4.5,24.5,24.5,14.5,4.5,4.5,,0,0,0,0,0,0,0
776,"Abrafaxe - Unter schwarzer Flagge, Die",2001,81,null,6.3,42,4.5,0,4.5,4.5,4.5,4.5,24.5,14.5,4.5,14.5,,0,1,0,0,0,0,0
777,Abraham Lincoln,1930,97,null,5.6,149,4.5,4.5,4.5,14.5,14.5,14.5,14.5,14.5,4.5,4.5,,0,0,0,1,0,0,0
778,Abrahams Gold,1990,95,null,9,31,0,0,0,0,0,4.5,4.5,4.5,34.5,44.5,,0,0,0,1,0,0,0
779,"Abraxas, Guardian of the Universe",1991,90,null,3.3,190,24.5,14.5,14.5,14.5,14.5,4.5,4.5,4.5,4.5,4.5,,1,0,0,0,0,0,0
780,"Abrazo partido, El",2004,100,null,7.4,405,4.5,4.5,4.5,4.5,4.5,14.5,24.5,24.5,14.5,14.5,,0,0,1,0,0,0,0
781,Abre los ojos,1997,117,null,7.8,8087,4.5,4.5,4.5,4.5,4.5,4.5,14.5,24.5,24.5,24.5,R,0,0,0,1,0,1,0
782,Abroad with Two Yanks,1944,80,null,5.8,17,0,0,4.5,4.5,24.5,14.5,24.5,14.5,0,4.5,,0,0,1,0,0,0,0
783,Abschied,1930,80,15000,6.7,14,4.5,4.5,0,4.5,4.5,14.5,14.5,4.5,24.5,14.5,,0,0,0,0,0,0,0
784,Abschied vom falschen Paradies,1989,92,null,4.5,10,0,0,14.5,14.5,14.5,14.5,24.5,14.5,14.5,24.5,,0,0,0,0,0,0,0
785,Abschied von den Wolken,1959,99,null,5.8,6,0,14.5,14.5,14.5,0,14.5,14.5,0,0,14.5,,0,0,0,0,0,0,0
786,Abschied von gestern - (Anita G.),1966,88,null,7.8,46,0,0,0,4.5,4.5,4.5,14.5,14.5,24.5,24.5,,0,0,1,0,0,0,0
787,Abschiedswalzer,1934,87,null,6.4,5,0,0,0,24.5,0,0,24.5,64.5,0,0,,0,0,0,0,0,0,0
788,"Absence of Light, The",2004,94,null,7.5,6,14.5,0,0,0,0,14.5,0,14.5,0,45.5,,0,0,0,0,0,0,0
789,Absence of Malice,1981,116,null,6.8,1849,4.5,4.5,4.5,4.5,4.5,14.5,24.5,24.5,4.5,4.5,,0,0,0,1,0,1,0
790,"Absence, L'",1993,112,null,6.2,15,0,4.5,0,0,4.5,24.5,4.5,4.5,14.5,44.5,,0,0,0,0,0,0,0
791,"Absent Minded Professor, The",1961,97,null,6.5,1293,4.5,4.5,4.5,4.5,14.5,24.5,34.5,14.5,4.5,4.5,,0,0,1,0,0,0,0
792,Absent Without Leave,1992,95,null,5.3,31,4.5,4.5,4.5,14.5,14.5,4.5,14.5,4.5,0,34.5,,0,0,0,1,0,1,0
793,"Absent-Minded Waiter, The",1977,7,null,7.6,140,4.5,0,4.5,4.5,4.5,4.5,14.5,24.5,14.5,34.5,,0,0,1,0,0,0,1
794,Absolon,2003,96,8000000,4.1,548,14.5,4.5,14.5,14.5,14.5,14.5,4.5,4.5,4.5,4.5,R,1,0,0,0,0,0,0
795,Absolument fabuleux,2001,105,null,4.9,242,14.5,14.5,14.5,14.5,14.5,14.5,4.5,4.5,4.5,4.5,,0,0,1,0,0,0,0
796,Absolut,2004,94,null,6.4,20,0,4.5,4.5,14.5,0,4.5,44.5,14.5,24.5,4.5,,0,0,0,0,0,0,0
797,Absolut Warhola,2001,80,null,6.3,50,4.5,0,0,4.5,4.5,14.5,24.5,34.5,4.5,14.5,,0,0,0,0,1,0,0
798,Absolutamente Certo,1957,95,null,6.1,13,0,0,0,4.5,14.5,4.5,44.5,24.5,0,0,,0,0,1,0,0,0,0
799,Absolute Beginners,1986,108,null,5.3,601,4.5,4.5,4.5,14.5,14.5,14.5,14.5,4.5,4.5,14.5,,0,0,0,0,0,0,0
800,Absolute Force,1997,91,null,6.2,9,24.5,0,14.5,0,14.5,14.5,24.5,0,0,24.5,,1,0,0,0,0,0,0
801,Absolute Giganten,1999,72,null,7.6,660,4.5,4.5,4.5,4.5,4.5,4.5,14.5,24.5,24.5,34.5,,1,0,1,1,0,1,0
802,Absolute Power,1997,121,50000000,6.4,7995,4.5,4.5,4.5,4.5,14.5,24.5,34.5,14.5,4.5,4.5,R,0,0,0,1,0,0,0
803,Absolute Quiet,1936,70,null,5.5,28,4.5,0,4.5,24.5,24.5,24.5,24.5,4.5,0,0,,0,0,0,1,0,0,0
804,Absolutely Positive,1991,87,null,7.8,8,0,0,0,0,0,14.5,14.5,45.5,24.5,0,,0,0,0,0,1,0,0
805,Absolution,1978,95,null,5.5,123,4.5,4.5,4.5,4.5,14.5,24.5,14.5,14.5,4.5,4.5,,0,0,0,0,0,0,0
806,Absolution,2001,23,13000,1.6,8,14.5,14.5,0,0,0,0,14.5,14.5,14.5,34.5,,0,0,0,0,0,0,1
807,"Absolution of Anthony, The",1997,13,null,5.4,19,0,0,4.5,14.5,14.5,24.5,14.5,4.5,0,24.5,,0,0,1,1,0,0,1
808,Abu el Banat,1973,88,null,8,5,0,0,0,0,0,0,24.5,44.5,0,44.5,,0,0,0,1,0,0,0
809,Abuelitos,1999,15,null,5.3,30,4.5,4.5,14.5,4.5,4.5,14.5,14.5,4.5,4.5,34.5,,0,0,0,1,0,0,1
810,"Abuelo Cheno y otras historias, El",1994,30,null,4.5,7,0,0,0,14.5,0,0,0,0,44.5,44.5,,0,0,0,0,1,0,1
811,Abuelo Made in Spain,1969,90,null,3.9,37,14.5,4.5,14.5,4.5,24.5,4.5,4.5,14.5,4.5,4.5,,0,0,1,0,0,0,0
812,"Abuelo tiene un plan, El",1973,90,null,3.5,22,34.5,4.5,0,14.5,14.5,14.5,0,0,0,14.5,,0,0,1,0,0,0,0
813,"Abuelo, El",1998,147,null,7.7,423,4.5,4.5,4.5,4.5,4.5,4.5,14.5,24.5,14.5,24.5,PG,0,0,0,1,0,0,0
814,Abus de confiance,1938,88,null,6.1,12,0,0,4.5,4.5,0,4.5,74.5,0,0,0,,0,0,0,1,0,0,0
815,Abuse,1983,94,null,6.8,39,0,4.5,4.5,4.5,4.5,4.5,34.5,24.5,14.5,14.5,,0,0,0,1,0,0,0
816,Abusement Park,1947,7,null,5.2,10,0,0,0,24.5,44.5,24.5,14.5,0,0,14.5,,0,1,1,0,0,0,1
817,Abuzer Kadayif,2000,104,null,5.7,79,14.5,4.5,4.5,4.5,4.5,14.5,14.5,14.5,4.5,4.5,,0,0,1,1,0,0,0
818,"Abwab al Moghlaka, Al",1999,107,null,6.1,47,4.5,4.5,4.5,4.5,14.5,4.5,24.5,24.5,14.5,14.5,,0,0,0,1,0,0,0
819,Abwege,1928,107,null,8.2,16,0,0,0,0,0,4.5,14.5,34.5,34.5,14.5,,0,0,0,0,0,0,0
820,Abxang,2003,102,null,7.2,5,0,0,0,0,0,44.5,24.5,24.5,24.5,0,,0,0,0,0,1,0,0
821,"Abyss, The",1989,171,69500000,7.4,21987,4.5,4.5,4.5,4.5,4.5,14.5,24.5,24.5,14.5,14.5,PG-13,1,0,0,1,0,0,0
822,Academy Boyz,1997,90,null,8.9,24,14.5,0,0,0,0,0,0,14.5,4.5,64.5,,0,0,0,0,0,0,0
823,"Acadie, l'Acadie, L'",1971,75,null,6,7,0,0,14.5,0,0,0,0,44.5,44.5,0,,0,0,0,0,1,0,0
824,Acapulco Gold,1978,105,null,4,25,4.5,4.5,14.5,24.5,24.5,4.5,14.5,4.5,0,0,,0,0,0,0,0,0,0
825,"Acapulco, prima spiaggia... a sinistra",1983,88,null,4.7,22,4.5,0,4.5,14.5,4.5,14.5,14.5,14.5,0,14.5,,0,0,1,0,0,0,0
826,Accadde al commissariato,1954,105,null,6.2,15,0,0,4.5,14.5,14.5,24.5,24.5,14.5,0,0,,0,0,1,0,0,0,0
827,Accadde al penitenziario,1955,95,null,6.1,7,0,0,0,14.5,0,24.5,24.5,24.5,0,0,,0,0,0,1,0,0,0
828,Accattone,1961,120,null,7.6,434,4.5,4.5,4.5,4.5,4.5,4.5,14.5,24.5,24.5,24.5,,0,0,0,1,0,0,0
829,Accelerator,1999,86,null,6.3,162,4.5,4.5,4.5,4.5,4.5,14.5,34.5,14.5,4.5,14.5,,0,0,0,0,0,0,0
830,Accent on Youth,1935,77,null,5.1,5,0,24.5,0,0,24.5,44.5,24.5,0,0,0,,0,0,1,0,0,1,0
831,Acceptable Levels,1983,100,null,5.7,10,0,14.5,0,14.5,24.5,24.5,34.5,14.5,0,0,,0,0,0,0,0,0,0
832,Access Code,1984,88,null,3.4,17,14.5,24.5,34.5,14.5,4.5,0,0,4.5,0,0,,0,0,0,0,0,0,0
833,Access Denied,1997,95,null,3.8,43,14.5,14.5,4.5,4.5,4.5,14.5,14.5,4.5,4.5,14.5,R,0,0,0,0,0,0,0
834,Accident,1967,105,600000,7.1,340,4.5,4.5,4.5,4.5,4.5,14.5,14.5,24.5,14.5,14.5,,0,0,0,1,0,0,0
835,Accident,1985,121,null,6.5,11,14.5,0,14.5,0,4.5,0,0,4.5,0,44.5,,0,0,0,0,0,0,0
836,"Accidental Tourist, The",1988,121,null,6.7,4025,4.5,4.5,4.5,4.5,4.5,14.5,24.5,24.5,4.5,4.5,,0,0,0,1,0,1,0
837,Accidents,1988,86,null,4.9,20,4.5,4.5,14.5,24.5,4.5,14.5,4.5,14.5,0,14.5,,0,0,0,0,0,0,0
838,Accidents,2000,15,null,6.6,5,0,0,0,0,24.5,64.5,0,0,0,24.5,,0,0,0,0,0,0,1
839,Accidents Will Happen,1938,62,null,4.6,41,14.5,4.5,4.5,4.5,14.5,24.5,4.5,4.5,4.5,4.5,,0,0,0,1,0,0,0
840,"Accompagnatrice, L'",1992,111,null,6.9,207,4.5,4.5,4.5,4.5,4.5,14.5,14.5,24.5,14.5,4.5,,0,0,0,1,0,0,0
841,According to Spencer,2001,95,null,4.1,124,4.5,4.5,4.5,14.5,14.5,14.5,4.5,4.5,4.5,24.5,R,0,0,1,0,0,1,0
842,Accordion Tribe,2004,87,null,7.4,8,0,0,0,0,14.5,34.5,0,14.5,24.5,14.5,,0,0,0,0,1,0,0
843,Account Rendered,1957,59,null,5.1,15,0,14.5,4.5,4.5,24.5,4.5,44.5,0,0,0,,0,0,0,0,0,0,0
844,"Accountant, The",1989,100,null,6.3,19,14.5,0,0,0,14.5,4.5,14.5,14.5,14.5,24.5,,0,0,0,0,0,0,0
845,"Accountant, The",1999,50,5000,6.3,19,4.5,0,4.5,4.5,4.5,0,24.5,4.5,24.5,34.5,,1,0,0,0,0,0,0
846,"Accountant, The",2001,35,null,7.5,159,4.5,4.5,4.5,4.5,4.5,4.5,4.5,24.5,14.5,44.5,,0,0,1,0,0,0,1
847,"Accueil de jour, L'",2000,18,null,8.5,5,0,0,0,0,0,0,0,24.5,84.5,0,,0,0,0,0,1,0,1
848,"Accueil familial, vieillir comme chez soi, L'",1996,17,null,9,5,0,0,0,0,0,0,0,0,100,0,,0,0,0,0,1,0,1
849,Accused of Murder,1956,74,null,5.6,16,0,0,0,14.5,45.5,14.5,14.5,4.5,0,0,,0,0,0,0,0,0,0
850,"Accused, The",1949,101,null,6.9,120,4.5,4.5,0,4.5,14.5,14.5,24.5,24.5,4.5,4.5,,0,0,0,1,0,0,0
851,"Accused, The",1988,111,null,7.1,4589,4.5,4.5,4.5,4.5,4.5,14.5,34.5,24.5,14.5,4.5,,0,0,0,1,0,0,0
852,Ace Drummond,1936,255,null,6.9,22,0,0,4.5,0,24.5,24.5,14.5,24.5,4.5,0,,1,0,0,0,0,0,0
853,Ace Eli and Rodger of the Skies,1973,89,null,5.7,60,4.5,4.5,4.5,4.5,14.5,14.5,14.5,14.5,14.5,14.5,,0,0,0,1,0,0,0
854,Ace Up My Sleeve,1976,92,null,4.7,34,14.5,4.5,4.5,14.5,24.5,14.5,4.5,4.5,4.5,4.5,,0,0,1,1,0,0,0
855,Ace Ventura: Pet Detective,1994,86,12000000,6.2,20705,4.5,4.5,4.5,4.5,4.5,14.5,24.5,14.5,4.5,4.5,PG-13,0,0,1,0,0,0,0
856,Ace Ventura: When Nature Calls,1995,90,30000000,4.9,15161,4.5,4.5,4.5,14.5,14.5,14.5,14.5,4.5,4.5,4.5,PG-13,0,0,1,0,0,0,0
857,Ace in the Hole,1951,111,1821052,7.9,1097,4.5,4.5,4.5,4.5,4.5,4.5,14.5,24.5,24.5,24.5,,0,0,0,1,0,0,0
858,Ace of Aces,1933,76,null,5.8,45,0,4.5,4.5,14.5,24.5,24.5,14.5,4.5,4.5,4.5,,0,0,0,1,0,0,0
859,"Ace of Hearts, The",1921,75,null,6.7,138,0,0,4.5,4.5,14.5,14.5,24.5,24.5,4.5,4.5,,0,0,0,1,0,1,0
860,Aces High,1976,114,null,6.2,315,4.5,4.5,4.5,4.5,4.5,14.5,24.5,14.5,14.5,14.5,,1,0,0,1,0,0,0
861,Aces Wild,1936,63,null,6.1,8,0,0,0,0,24.5,24.5,14.5,14.5,0,24.5,,0,0,0,0,0,0,0
862,Aces and Eights,1936,62,null,6.3,10,0,0,0,0,24.5,34.5,45.5,0,0,0,,0,0,0,0,0,0,0
863,Aces: Iron Eagle III,1992,98,null,3.2,536,24.5,14.5,14.5,14.5,4.5,4.5,4.5,4.5,4.5,4.5,,1,0,0,0,0,0,0
864,Ach Egon!,1961,90,null,4.9,30,4.5,4.5,14.5,4.5,14.5,14.5,14.5,14.5,4.5,24.5,,0,0,1,0,0,0,0
865,"Ach Shel Driks, Ha-",1994,50,null,7.3,13,0,0,0,0,0,14.5,34.5,24.5,24.5,4.5,,0,0,0,1,0,0,0
866,Ach du lieber Harry,1981,85,null,5.1,54,4.5,4.5,4.5,4.5,24.5,24.5,14.5,4.5,0,4.5,,0,0,1,0,0,0,0
867,Ach jodel mir noch einen,1974,73,null,4,130,24.5,14.5,4.5,14.5,4.5,4.5,4.5,4.5,4.5,14.5,,0,0,1,0,0,0,0
868,"Ache in Every Stake, An",1941,18,null,8.1,84,0,0,4.5,4.5,4.5,4.5,14.5,14.5,14.5,44.5,,0,0,1,0,0,0,1
869,Achilles,1996,11,null,8,33,4.5,0,0,4.5,4.5,0,4.5,24.5,24.5,34.5,,0,0,0,0,0,0,1
870,Achilles' Love,2000,90,null,4.4,20,34.5,4.5,14.5,4.5,4.5,14.5,0,4.5,14.5,14.5,PG,0,0,1,0,0,1,0
871,"Achte Tag, Der",1990,99,null,6.3,16,4.5,4.5,0,0,4.5,14.5,14.5,34.5,14.5,4.5,,0,0,0,0,0,0,0
872,Achterland,1994,93,null,3.2,12,34.5,14.5,34.5,0,0,0,0,0,4.5,4.5,,0,0,0,0,0,0,0
873,Achtung! Banditi!,1951,90,null,5.1,11,0,0,0,4.5,45.5,4.5,4.5,0,4.5,4.5,,0,0,0,1,0,0,0
874,"Achtung, fertig, Charlie!",2003,92,null,4.9,286,14.5,4.5,4.5,4.5,4.5,4.5,4.5,4.5,4.5,34.5,,0,0,1,0,0,1,0
875,"Acid Eaters, The",1968,65,null,3.3,24,24.5,4.5,0,14.5,14.5,4.5,4.5,0,0,24.5,,0,0,0,1,0,0,0
876,"Acid House, The",1998,111,null,5.8,1117,4.5,4.5,4.5,4.5,14.5,14.5,24.5,14.5,4.5,4.5,,0,0,0,1,0,0,0
877,Acne,2005,72,null,7.1,9,14.5,0,0,14.5,0,14.5,14.5,24.5,0,34.5,,0,0,1,0,0,0,0
878,Acordar,2001,20,null,7.6,5,0,0,24.5,0,0,24.5,0,0,24.5,44.5,,0,0,0,0,0,0,1
879,Acosada,1984,90,null,1.5,9,74.5,14.5,0,0,0,0,14.5,0,0,0,,0,0,0,0,0,0,0
880,Acqua e sapone,1983,109,null,6.1,82,0,0,4.5,4.5,24.5,24.5,24.5,14.5,4.5,4.5,,0,0,0,0,0,0,0
881,"Acqua... il fuoco, L'",2003,94,null,7.9,9,14.5,14.5,0,0,24.5,0,0,14.5,0,44.5,,0,0,0,0,0,0,0
882,Acquaria,2003,103,null,3.9,89,24.5,4.5,4.5,4.5,4.5,4.5,4.5,14.5,14.5,24.5,,0,0,0,1,0,0,0
883,Acquasanta Joe,1971,94,null,4.8,15,4.5,0,4.5,24.5,24.5,14.5,4.5,4.5,0,14.5,,1,0,0,0,0,0,0
884,Acri,1996,108,null,4.6,11,4.5,0,0,0,4.5,24.5,4.5,4.5,4.5,24.5,,0,0,0,0,0,0,0
885,"Acrobate, L'",1976,101,null,6.6,5,0,0,0,24.5,0,0,24.5,24.5,0,44.5,,0,0,0,0,0,0,0
886,"Acrobate, Le",1997,123,null,6.4,43,4.5,0,4.5,0,4.5,14.5,14.5,34.5,14.5,4.5,,0,0,0,0,0,0,0
887,Acrobatty Bunny,1946,8,null,7.2,72,4.5,4.5,0,4.5,4.5,14.5,34.5,34.5,0,4.5,,0,1,1,0,0,0,1
888,Acropol,1995,125,null,6.7,21,4.5,0,0,4.5,4.5,4.5,14.5,24.5,4.5,24.5,,0,0,0,1,0,0,0
889,Across 110th Street,1972,102,null,6.6,325,4.5,4.5,4.5,4.5,4.5,24.5,24.5,14.5,4.5,4.5,,0,0,0,1,0,0,0
890,Across This Land with Stompin' Tom Connors,1973,90,null,7.3,10,0,0,0,0,0,14.5,14.5,44.5,0,44.5,,0,0,0,0,1,0,0
891,Across the Atlantic,2003,54,null,7.3,12,0,0,0,0,0,4.5,45.5,44.5,0,0,,0,0,0,0,1,0,0
892,Across the Badlands,1950,55,null,7.3,10,0,0,0,14.5,0,0,44.5,24.5,14.5,24.5,,0,0,0,0,0,0,0
893,Across the Bridge,1957,103,null,6.9,68,0,0,4.5,0,4.5,14.5,14.5,14.5,24.5,24.5,,0,0,0,1,0,0,0
894,Across the Great Divide,1976,100,null,6,82,4.5,4.5,4.5,4.5,14.5,24.5,24.5,14.5,4.5,14.5,,0,0,0,0,0,0,0
895,Across the Line,2000,99,null,5.6,48,4.5,4.5,14.5,4.5,4.5,14.5,14.5,4.5,14.5,14.5,,0,0,0,1,0,0,0
896,Across the Moon,1995,88,null,4.3,93,14.5,4.5,4.5,14.5,14.5,14.5,14.5,4.5,4.5,4.5,,0,0,1,1,0,1,0
897,Across the Pacific,1942,97,null,6.6,493,4.5,4.5,4.5,4.5,4.5,24.5,34.5,24.5,4.5,4.5,,0,0,0,0,0,1,0
898,Across the Rio Grande,1949,56,null,6,11,0,0,0,24.5,14.5,14.5,14.5,14.5,0,0,,0,0,0,0,0,0,0
899,Across the Sea of Time,1995,51,null,6.3,90,4.5,4.5,4.5,4.5,4.5,4.5,14.5,14.5,14.5,14.5,,0,0,0,1,0,0,0
900,Across the Sierras,1941,59,null,5.1,11,0,24.5,0,14.5,24.5,24.5,0,0,0,0,,0,0,0,0,0,0,0
901,Across the Tracks,1991,100,null,5.4,436,4.5,4.5,4.5,14.5,24.5,24.5,14.5,4.5,4.5,4.5,,0,0,0,1,0,0,0
902,Across the Wide Missouri,1951,78,5000000,6.1,209,4.5,4.5,4.5,4.5,14.5,24.5,24.5,14.5,4.5,4.5,,0,0,0,0,0,0,0
903,Across to Singapore,1928,86,290000,6.4,53,0,0,0,4.5,14.5,24.5,24.5,14.5,4.5,4.5,,0,0,0,1,0,0,0
904,Act One,1963,110,null,5.4,20,0,4.5,4.5,4.5,14.5,24.5,34.5,4.5,14.5,4.5,,0,0,0,1,0,0,0
905,Act Your Age,1949,13,null,2.5,7,24.5,0,44.5,14.5,14.5,0,0,0,0,0,,0,0,0,1,0,0,1
906,"Act of Murder, An",1948,91,null,7.4,54,0,4.5,0,0,4.5,14.5,34.5,24.5,14.5,4.5,,0,0,0,1,0,0,0
907,Act of Piracy,1988,101,null,4.2,73,4.5,4.5,14.5,14.5,14.5,14.5,4.5,4.5,4.5,4.5,,1,0,0,0,0,0,0
908,"Act of Seeing with One's Own Eyes, The",1971,32,null,6.9,93,4.5,4.5,4.5,0,4.5,14.5,4.5,14.5,24.5,24.5,,0,0,0,0,1,0,1
909,Act of Violence,1948,82,null,7.4,274,0,0,0,4.5,4.5,14.5,24.5,34.5,14.5,4.5,,0,0,0,1,0,0,0
910,Act of War,1998,94,null,3.5,64,24.5,14.5,14.5,24.5,14.5,4.5,4.5,4.5,4.5,4.5,,1,0,0,0,0,0,0
911,Act of the Heart,1970,103,null,5.9,64,4.5,0,4.5,4.5,24.5,24.5,14.5,14.5,4.5,4.5,,0,0,0,1,0,0,0
912,"Act, The",1982,94,null,5.5,8,14.5,14.5,14.5,0,0,45.5,0,0,0,14.5,,0,0,0,0,0,0,0
913,"Act, The",2005,8,null,8.2,10,0,0,14.5,0,14.5,0,0,14.5,44.5,34.5,,0,0,0,0,0,0,1
914,Acta General de Chile,1986,240,null,7.3,10,14.5,0,0,0,0,0,24.5,14.5,24.5,44.5,,0,0,0,0,1,0,0
915,Actas de Marusia,1976,110,null,5.7,33,4.5,4.5,4.5,4.5,14.5,4.5,14.5,4.5,4.5,34.5,,0,0,0,1,0,0,0
916,"Acteur, L'",1974,6,null,6.5,5,0,0,0,0,0,44.5,64.5,0,0,0,,0,1,0,0,0,0,1
917,"Acteurs anonymes, Les",2001,90,null,6.2,16,4.5,4.5,4.5,4.5,4.5,24.5,34.5,0,4.5,4.5,,0,0,0,0,0,0,0
918,"Acteurs, Les",2000,103,null,5.1,232,4.5,4.5,4.5,14.5,14.5,14.5,14.5,14.5,4.5,4.5,,0,0,1,0,0,0,0
919,Action,1980,121,null,4,15,0,0,14.5,44.5,0,14.5,0,24.5,0,14.5,,0,0,0,1,0,0,0
920,Action Jackson,1988,96,null,4.4,1743,4.5,4.5,14.5,24.5,24.5,14.5,4.5,4.5,4.5,4.5,,1,0,1,0,0,0,0
921,Action League Now!!: Rock-A-Big-Baby,1997,5,null,2.8,26,14.5,4.5,4.5,0,0,14.5,4.5,4.5,4.5,44.5,PG,0,1,1,0,0,0,1
922,Action Nitsch-Journiac,1989,10,null,5.7,6,0,0,14.5,0,0,0,14.5,34.5,34.5,0,,1,0,0,0,0,0,1
923,Action On the Beach,1964,6,null,6.6,6,14.5,0,0,0,0,34.5,14.5,0,0,34.5,,0,0,0,0,1,0,1
924,Action U.S.A.,1989,89,null,5,21,14.5,4.5,4.5,4.5,14.5,4.5,4.5,0,4.5,24.5,,1,0,0,0,0,0,0
925,Action de corps exclu,1983,15,null,8.7,6,0,0,0,0,0,0,0,64.5,34.5,0,,1,0,0,0,0,0,1
926,Action for Slander,1937,83,null,5.6,12,14.5,0,0,0,14.5,14.5,24.5,0,14.5,4.5,,0,0,0,1,0,0,0
927,Action in Arabia,1944,72,null,6.2,36,4.5,0,4.5,4.5,14.5,34.5,24.5,4.5,4.5,4.5,,0,0,0,1,0,0,0
928,Action in the North Atlantic,1943,126,null,6.8,362,4.5,4.5,4.5,4.5,4.5,14.5,34.5,24.5,4.5,4.5,,0,0,0,1,0,1,0
929,Action of the Tiger,1957,93,null,4.9,65,4.5,4.5,4.5,24.5,24.5,14.5,4.5,4.5,4.5,4.5,,1,0,0,1,0,0,0
930,Action: The October Crisis of 1970,1974,87,null,8.6,24,0,4.5,0,0,0,4.5,4.5,24.5,24.5,24.5,,0,0,0,0,1,0,0
931,Active Stealth,1999,99,null,3,146,34.5,14.5,14.5,14.5,4.5,4.5,4.5,4.5,4.5,4.5,R,1,0,0,0,0,0,0
932,Acto de Primavera,1963,94,null,5.1,17,0,14.5,4.5,14.5,0,4.5,4.5,24.5,14.5,14.5,,0,0,0,1,0,0,0
933,Actor's and Sin,1952,82,null,5.8,27,0,0,4.5,4.5,24.5,34.5,14.5,4.5,4.5,4.5,,0,0,1,1,0,0,0
934,Actors Anonymous: The Truth Behind the Dream,2003,60,30000,3.2,8,45.5,14.5,0,0,0,0,14.5,0,0,24.5,,0,0,0,0,1,0,0
935,"Actors, The",2003,91,null,5.6,211,4.5,4.5,4.5,4.5,14.5,14.5,24.5,4.5,4.5,14.5,R,0,0,1,0,0,0,0
936,"Actress, The",1953,90,null,6.6,119,4.5,4.5,4.5,4.5,4.5,14.5,34.5,14.5,4.5,4.5,,0,0,1,1,0,0,0
937,Actrius,1997,90,null,5.8,37,0,0,0,4.5,14.5,14.5,24.5,24.5,4.5,4.5,,0,0,0,0,0,0,0
938,Acts of Betrayal,1997,90,3000000,4.6,94,4.5,14.5,4.5,14.5,24.5,14.5,4.5,4.5,4.5,4.5,,1,0,0,0,0,0,0
939,Acts of Worship,2001,94,null,6.2,43,4.5,0,4.5,4.5,4.5,4.5,14.5,14.5,14.5,34.5,R,0,0,0,1,0,0,0
940,Ad Fundum,1993,98,null,6.1,187,4.5,4.5,4.5,4.5,14.5,14.5,24.5,14.5,4.5,4.5,,0,0,0,1,0,0,0
941,"Ad and the Ego, The",1997,57,null,4.4,16,14.5,0,0,0,4.5,4.5,14.5,14.5,14.5,24.5,,0,0,0,0,1,0,0
942,Ad ogni costo,1967,114,null,6.5,102,4.5,4.5,4.5,4.5,4.5,14.5,14.5,24.5,4.5,14.5,,0,0,0,0,0,0,0
943,Ad ovest di Paperino,1982,102,null,7.2,38,0,0,0,4.5,4.5,14.5,34.5,14.5,24.5,14.5,,0,0,1,0,0,0,0
944,Ada,1961,109,null,6.6,121,4.5,4.5,0,4.5,4.5,24.5,24.5,34.5,4.5,4.5,,0,0,0,1,0,0,0
945,Ada apa dengan cinta?,2002,112,null,7.1,151,4.5,4.5,4.5,4.5,4.5,4.5,14.5,34.5,4.5,14.5,,0,0,0,1,0,1,0
946,Adada,1987,118,null,7.1,14,4.5,0,4.5,0,4.5,4.5,24.5,24.5,4.5,24.5,,0,0,0,1,0,0,0
947,Adagio,2000,7,null,6.9,7,0,0,0,0,14.5,0,24.5,0,14.5,44.5,,0,1,0,1,0,0,1
948,Adam,1991,6,null,6.8,142,0,4.5,0,4.5,4.5,24.5,14.5,24.5,14.5,14.5,,0,1,0,0,0,0,1
949,Adam,1997,4,null,7,6,0,0,0,14.5,0,0,34.5,34.5,14.5,0,,0,1,0,0,0,0,1
950,Adam & Eva,1997,104,null,6.6,633,4.5,4.5,4.5,4.5,4.5,14.5,24.5,24.5,14.5,4.5,,0,0,1,1,0,1,0
951,Adam & Eva,2003,99,null,6.6,89,4.5,0,4.5,4.5,4.5,14.5,14.5,24.5,14.5,4.5,,0,0,1,0,0,1,0
952,Adam & Evil,2004,90,null,3.4,81,24.5,14.5,14.5,14.5,14.5,4.5,4.5,4.5,0,14.5,R,0,0,0,0,0,0,0
953,Adam & Paul,2004,83,null,6.8,96,14.5,4.5,4.5,4.5,4.5,4.5,14.5,14.5,14.5,24.5,,0,0,1,1,0,0,0
954,Adam Had Four Sons,1941,81,488000,6.2,76,4.5,0,0,4.5,14.5,24.5,34.5,14.5,4.5,4.5,,0,0,0,1,0,1,0
955,Adam and Evelyne,1949,70,null,5.8,37,0,0,0,14.5,14.5,44.5,14.5,4.5,4.5,4.5,,0,0,1,0,0,0,0
956,Adam and Evil,1927,70,null,1.8,5,64.5,24.5,0,24.5,0,0,0,0,0,0,,0,0,1,0,0,0,0
957,Adam at 6 A.M.,1970,100,null,5.8,61,4.5,4.5,4.5,4.5,14.5,14.5,24.5,14.5,4.5,4.5,R,0,0,0,1,0,0,0
958,Adam barfi,1995,106,null,6.1,30,4.5,4.5,4.5,0,14.5,4.5,14.5,14.5,14.5,24.5,,0,0,1,1,0,0,0
959,Adam og Eva,1953,96,null,7.2,9,0,0,0,0,0,34.5,14.5,24.5,24.5,14.5,,0,0,0,0,0,0,0
960,Adam's Rib,1949,101,null,7.6,3282,4.5,4.5,4.5,4.5,4.5,4.5,24.5,24.5,14.5,14.5,,0,0,1,0,0,1,0
961,Adam's Woman,1970,116,null,5.8,49,0,4.5,4.5,4.5,4.5,14.5,14.5,24.5,14.5,24.5,,0,0,0,1,0,0,0
962,Adamah,1947,48,null,9.4,7,0,0,0,0,0,14.5,0,0,0,84.5,,0,0,0,0,1,0,0
963,"Adamo ed Eva, la prima storia d'amore",1983,91,null,2.5,11,24.5,0,4.5,4.5,4.5,14.5,4.5,0,0,14.5,,0,0,0,0,0,1,0
964,Adamski,1994,89,null,7.2,9,0,0,14.5,0,14.5,14.5,0,44.5,14.5,14.5,,0,0,1,0,0,1,0
965,Adamsson i Sverige,1966,79,null,4.5,6,14.5,0,34.5,0,0,45.5,0,0,0,0,,0,0,1,0,0,0,0
966,Adaptation.,2002,114,19000000,7.9,25140,4.5,4.5,4.5,4.5,4.5,4.5,14.5,24.5,24.5,24.5,R,0,0,1,1,0,0,0
967,Adaptatziya,1981,165,null,9.6,27,0,0,0,0,4.5,0,4.5,4.5,14.5,64.5,,0,0,0,0,0,0,0
968,Addams Family Values,1993,94,null,6.1,7756,4.5,4.5,4.5,4.5,14.5,24.5,24.5,14.5,4.5,4.5,,0,0,1,0,0,0,0
969,"Addams Family, The",1991,99,38000000,6.4,11549,4.5,4.5,4.5,4.5,14.5,24.5,24.5,14.5,4.5,4.5,,0,0,1,0,0,0,0
970,Addicted to Love,1988,87,null,5.8,5,0,0,0,24.5,24.5,64.5,0,0,0,0,,0,0,0,0,0,0,0
971,Addicted to Love,1997,100,null,6,5445,4.5,4.5,4.5,4.5,14.5,24.5,24.5,14.5,4.5,4.5,R,0,0,1,0,0,1,0
972,Addicted to Murder: Tainted Blood,1998,74,null,4.5,22,24.5,14.5,0,4.5,0,14.5,4.5,0,0,24.5,,0,0,0,0,0,0,0
973,Addiction,2003,115,null,6.9,14,14.5,0,0,0,0,4.5,24.5,24.5,24.5,4.5,,0,0,0,0,0,0,0
974,"Addiction, The",1995,82,null,5.8,1425,4.5,4.5,4.5,4.5,4.5,14.5,14.5,14.5,4.5,14.5,,0,0,0,1,0,0,0
975,"Adding Machine, The",1969,100,null,5.6,45,4.5,4.5,4.5,4.5,4.5,4.5,14.5,14.5,14.5,34.5,,0,0,1,1,0,0,0
976,Addio Kira!,1942,95,null,7.8,11,0,0,0,0,4.5,0,0,4.5,14.5,64.5,,0,0,0,0,0,0,0
977,Addio ultimo uomo,1978,91,null,5.9,8,0,0,14.5,0,14.5,14.5,14.5,14.5,0,34.5,,0,0,0,0,1,0,0
978,Addio zio Tom,1971,103,null,5.8,91,4.5,4.5,4.5,4.5,14.5,4.5,14.5,4.5,14.5,34.5,,0,0,0,1,0,0,0
979,"Addio, fratello crudele",1971,91,null,5.2,33,0,4.5,0,14.5,4.5,14.5,14.5,14.5,4.5,24.5,,0,0,0,1,0,0,0
980,"Addition, L'",1984,85,null,6,35,0,4.5,0,4.5,14.5,34.5,24.5,4.5,4.5,0,,0,0,0,1,0,0,0
981,Address Unknown,1944,75,null,6.2,12,0,4.5,0,4.5,14.5,4.5,24.5,0,0,34.5,,0,0,0,1,0,0,0
982,Address Unknown,1997,92,null,4.9,80,4.5,4.5,4.5,4.5,14.5,14.5,14.5,14.5,4.5,14.5,PG,0,0,0,0,0,0,0
983,Adebar,1957,2,null,7.8,5,0,0,0,0,24.5,24.5,0,24.5,0,44.5,,0,0,0,0,0,0,1
984,Adela,1987,88,null,2.9,5,0,84.5,0,24.5,0,0,0,0,0,0,,0,0,0,0,0,0,0
985,Adela,2000,103,null,6.4,5,0,24.5,0,0,0,0,44.5,44.5,0,0,,0,0,0,0,0,0,0
986,Adelbert,1977,32,null,5.3,13,0,0,14.5,0,0,0,24.5,14.5,14.5,34.5,,0,0,0,1,0,0,0
987,Adelfos Anna,1963,105,null,7.8,6,0,0,0,0,0,14.5,14.5,45.5,0,14.5,,0,0,0,0,0,0,0
988,Adelheid,1969,99,null,6.1,32,0,0,0,4.5,4.5,14.5,14.5,14.5,4.5,34.5,,0,0,0,0,0,0,0
989,Ademloos,1982,90,null,6.4,14,0,0,0,4.5,4.5,44.5,24.5,14.5,0,0,,0,0,0,0,0,0,0
990,Adeus Princesa,1994,93,null,6.7,13,4.5,0,0,4.5,4.5,14.5,34.5,4.5,0,24.5,,0,0,0,1,0,0,0
991,"Adeus, Pai",1996,85,null,6.3,77,4.5,4.5,0,4.5,4.5,4.5,14.5,34.5,4.5,14.5,,0,0,0,1,0,0,0
992,Adi Shankaracharya,1983,130,null,6.6,16,0,4.5,0,0,0,0,14.5,4.5,14.5,64.5,,0,0,0,1,0,0,0
993,Adi Vasfiye,1985,90,null,6.9,33,4.5,0,0,4.5,14.5,14.5,14.5,14.5,14.5,24.5,,0,0,0,1,0,0,0
994,Adieu,2003,124,null,8,17,0,4.5,0,4.5,4.5,4.5,4.5,34.5,24.5,4.5,,0,0,0,0,0,0,0
995,Adieu Babylone,2001,91,null,5.2,49,4.5,0,14.5,4.5,14.5,14.5,24.5,14.5,4.5,4.5,,0,0,0,0,0,0,0
996,Adieu Bonaparte,1985,115,null,6.4,27,4.5,0,0,0,14.5,14.5,14.5,24.5,14.5,14.5,,0,0,0,1,0,0,0
997,Adieu Philippine,1962,106,null,7.7,39,0,0,4.5,4.5,4.5,4.5,14.5,14.5,14.5,44.5,,0,0,0,1,0,0,0
998,Adieu blaireau,1985,94,null,5.6,11,4.5,14.5,4.5,14.5,0,0,14.5,0,0,24.5,,0,0,0,0,0,0,0
999,Adieu je t'aime,1988,92,null,3.7,7,0,14.5,14.5,14.5,14.5,14.5,0,14.5,14.5,0,,0,0,0,0,0,0,0
1000,Adieu l'ami,1968,115,null,6,169,4.5,4.5,4.5,4.5,4.5,14.5,24.5,14.5,4.5,14.5,,1,0,0,0,0,0,0
